[
{
    "model": "auth.permission",
    "pk": 1,
    "fields": {
        "name": "Can add log entry",
        "content_type": 1,
        "codename": "add_logentry"
    }
},
{
    "model": "auth.permission",
    "pk": 2,
    "fields": {
        "name": "Can change log entry",
        "content_type": 1,
        "codename": "change_logentry"
    }
},
{
    "model": "auth.permission",
    "pk": 3,
    "fields": {
        "name": "Can delete log entry",
        "content_type": 1,
        "codename": "delete_logentry"
    }
},
{
    "model": "auth.permission",
    "pk": 4,
    "fields": {
        "name": "Can view log entry",
        "content_type": 1,
        "codename": "view_logentry"
    }
},
{
    "model": "auth.permission",
    "pk": 5,
    "fields": {
        "name": "Can add permission",
        "content_type": 2,
        "codename": "add_permission"
    }
},
{
    "model": "auth.permission",
    "pk": 6,
    "fields": {
        "name": "Can change permission",
        "content_type": 2,
        "codename": "change_permission"
    }
},
{
    "model": "auth.permission",
    "pk": 7,
    "fields": {
        "name": "Can delete permission",
        "content_type": 2,
        "codename": "delete_permission"
    }
},
{
    "model": "auth.permission",
    "pk": 8,
    "fields": {
        "name": "Can view permission",
        "content_type": 2,
        "codename": "view_permission"
    }
},
{
    "model": "auth.permission",
    "pk": 9,
    "fields": {
        "name": "Can add group",
        "content_type": 3,
        "codename": "add_group"
    }
},
{
    "model": "auth.permission",
    "pk": 10,
    "fields": {
        "name": "Can change group",
        "content_type": 3,
        "codename": "change_group"
    }
},
{
    "model": "auth.permission",
    "pk": 11,
    "fields": {
        "name": "Can delete group",
        "content_type": 3,
        "codename": "delete_group"
    }
},
{
    "model": "auth.permission",
    "pk": 12,
    "fields": {
        "name": "Can view group",
        "content_type": 3,
        "codename": "view_group"
    }
},
{
    "model": "auth.permission",
    "pk": 13,
    "fields": {
        "name": "Can add user",
        "content_type": 4,
        "codename": "add_user"
    }
},
{
    "model": "auth.permission",
    "pk": 14,
    "fields": {
        "name": "Can change user",
        "content_type": 4,
        "codename": "change_user"
    }
},
{
    "model": "auth.permission",
    "pk": 15,
    "fields": {
        "name": "Can delete user",
        "content_type": 4,
        "codename": "delete_user"
    }
},
{
    "model": "auth.permission",
    "pk": 16,
    "fields": {
        "name": "Can view user",
        "content_type": 4,
        "codename": "view_user"
    }
},
{
    "model": "auth.permission",
    "pk": 17,
    "fields": {
        "name": "Can add content type",
        "content_type": 5,
        "codename": "add_contenttype"
    }
},
{
    "model": "auth.permission",
    "pk": 18,
    "fields": {
        "name": "Can change content type",
        "content_type": 5,
        "codename": "change_contenttype"
    }
},
{
    "model": "auth.permission",
    "pk": 19,
    "fields": {
        "name": "Can delete content type",
        "content_type": 5,
        "codename": "delete_contenttype"
    }
},
{
    "model": "auth.permission",
    "pk": 20,
    "fields": {
        "name": "Can view content type",
        "content_type": 5,
        "codename": "view_contenttype"
    }
},
{
    "model": "auth.permission",
    "pk": 21,
    "fields": {
        "name": "Can add session",
        "content_type": 6,
        "codename": "add_session"
    }
},
{
    "model": "auth.permission",
    "pk": 22,
    "fields": {
        "name": "Can change session",
        "content_type": 6,
        "codename": "change_session"
    }
},
{
    "model": "auth.permission",
    "pk": 23,
    "fields": {
        "name": "Can delete session",
        "content_type": 6,
        "codename": "delete_session"
    }
},
{
    "model": "auth.permission",
    "pk": 24,
    "fields": {
        "name": "Can view session",
        "content_type": 6,
        "codename": "view_session"
    }
},
{
    "model": "auth.permission",
    "pk": 25,
    "fields": {
        "name": "Can add etiqueta",
        "content_type": 7,
        "codename": "add_etiqueta"
    }
},
{
    "model": "auth.permission",
    "pk": 26,
    "fields": {
        "name": "Can change etiqueta",
        "content_type": 7,
        "codename": "change_etiqueta"
    }
},
{
    "model": "auth.permission",
    "pk": 27,
    "fields": {
        "name": "Can delete etiqueta",
        "content_type": 7,
        "codename": "delete_etiqueta"
    }
},
{
    "model": "auth.permission",
    "pk": 28,
    "fields": {
        "name": "Can view etiqueta",
        "content_type": 7,
        "codename": "view_etiqueta"
    }
},
{
    "model": "auth.permission",
    "pk": 29,
    "fields": {
        "name": "Can add proyecto",
        "content_type": 8,
        "codename": "add_proyecto"
    }
},
{
    "model": "auth.permission",
    "pk": 30,
    "fields": {
        "name": "Can change proyecto",
        "content_type": 8,
        "codename": "change_proyecto"
    }
},
{
    "model": "auth.permission",
    "pk": 31,
    "fields": {
        "name": "Can delete proyecto",
        "content_type": 8,
        "codename": "delete_proyecto"
    }
},
{
    "model": "auth.permission",
    "pk": 32,
    "fields": {
        "name": "Can view proyecto",
        "content_type": 8,
        "codename": "view_proyecto"
    }
},
{
    "model": "auth.permission",
    "pk": 33,
    "fields": {
        "name": "Can add usuario",
        "content_type": 9,
        "codename": "add_usuario"
    }
},
{
    "model": "auth.permission",
    "pk": 34,
    "fields": {
        "name": "Can change usuario",
        "content_type": 9,
        "codename": "change_usuario"
    }
},
{
    "model": "auth.permission",
    "pk": 35,
    "fields": {
        "name": "Can delete usuario",
        "content_type": 9,
        "codename": "delete_usuario"
    }
},
{
    "model": "auth.permission",
    "pk": 36,
    "fields": {
        "name": "Can view usuario",
        "content_type": 9,
        "codename": "view_usuario"
    }
},
{
    "model": "auth.permission",
    "pk": 37,
    "fields": {
        "name": "Can add tarea",
        "content_type": 10,
        "codename": "add_tarea"
    }
},
{
    "model": "auth.permission",
    "pk": 38,
    "fields": {
        "name": "Can change tarea",
        "content_type": 10,
        "codename": "change_tarea"
    }
},
{
    "model": "auth.permission",
    "pk": 39,
    "fields": {
        "name": "Can delete tarea",
        "content_type": 10,
        "codename": "delete_tarea"
    }
},
{
    "model": "auth.permission",
    "pk": 40,
    "fields": {
        "name": "Can view tarea",
        "content_type": 10,
        "codename": "view_tarea"
    }
},
{
    "model": "auth.permission",
    "pk": 41,
    "fields": {
        "name": "Can add asignacion de tarea",
        "content_type": 11,
        "codename": "add_asignaciondetarea"
    }
},
{
    "model": "auth.permission",
    "pk": 42,
    "fields": {
        "name": "Can change asignacion de tarea",
        "content_type": 11,
        "codename": "change_asignaciondetarea"
    }
},
{
    "model": "auth.permission",
    "pk": 43,
    "fields": {
        "name": "Can delete asignacion de tarea",
        "content_type": 11,
        "codename": "delete_asignaciondetarea"
    }
},
{
    "model": "auth.permission",
    "pk": 44,
    "fields": {
        "name": "Can view asignacion de tarea",
        "content_type": 11,
        "codename": "view_asignaciondetarea"
    }
},
{
    "model": "auth.permission",
    "pk": 45,
    "fields": {
        "name": "Can add comentario",
        "content_type": 12,
        "codename": "add_comentario"
    }
},
{
    "model": "auth.permission",
    "pk": 46,
    "fields": {
        "name": "Can change comentario",
        "content_type": 12,
        "codename": "change_comentario"
    }
},
{
    "model": "auth.permission",
    "pk": 47,
    "fields": {
        "name": "Can delete comentario",
        "content_type": 12,
        "codename": "delete_comentario"
    }
},
{
    "model": "auth.permission",
    "pk": 48,
    "fields": {
        "name": "Can view comentario",
        "content_type": 12,
        "codename": "view_comentario"
    }
},
{
    "model": "contenttypes.contenttype",
    "pk": 1,
    "fields": {
        "app_label": "admin",
        "model": "logentry"
    }
},
{
    "model": "contenttypes.contenttype",
    "pk": 2,
    "fields": {
        "app_label": "auth",
        "model": "permission"
    }
},
{
    "model": "contenttypes.contenttype",
    "pk": 3,
    "fields": {
        "app_label": "auth",
        "model": "group"
    }
},
{
    "model": "contenttypes.contenttype",
    "pk": 4,
    "fields": {
        "app_label": "auth",
        "model": "user"
    }
},
{
    "model": "contenttypes.contenttype",
    "pk": 5,
    "fields": {
        "app_label": "contenttypes",
        "model": "contenttype"
    }
},
{
    "model": "contenttypes.contenttype",
    "pk": 6,
    "fields": {
        "app_label": "sessions",
        "model": "session"
    }
},
{
    "model": "contenttypes.contenttype",
    "pk": 7,
    "fields": {
        "app_label": "Gestor",
        "model": "etiqueta"
    }
},
{
    "model": "contenttypes.contenttype",
    "pk": 8,
    "fields": {
        "app_label": "Gestor",
        "model": "proyecto"
    }
},
{
    "model": "contenttypes.contenttype",
    "pk": 9,
    "fields": {
        "app_label": "Gestor",
        "model": "usuario"
    }
},
{
    "model": "contenttypes.contenttype",
    "pk": 10,
    "fields": {
        "app_label": "Gestor",
        "model": "tarea"
    }
},
{
    "model": "contenttypes.contenttype",
    "pk": 11,
    "fields": {
        "app_label": "Gestor",
        "model": "asignaciondetarea"
    }
},
{
    "model": "contenttypes.contenttype",
    "pk": 12,
    "fields": {
        "app_label": "Gestor",
        "model": "comentario"
    }
},
{
    "model": "Gestor.usuario",
    "pk": 1,
    "fields": {
        "nombre": "Consider stay inside. Girl a near yes.\nRealize say check see. While art enter. Serve serious move dr",
        "correo_electronico": "Seem in sing key available indeed five. Million property successful build finally least.\nChallenge he low morning market everybody. Miss show hard almost beautiful receive do message.",
        "contraseña": "Support these authority college. Phone idea receive quality half movie. Pressure everyone fact young",
        "fecha_de_registro": "2024-10-12T16:27:56.219"
    }
},
{
    "model": "Gestor.usuario",
    "pk": 2,
    "fields": {
        "nombre": "Investment their girl question. None white and main seven.",
        "correo_electronico": "Political white short. World drop assume food. Whatever word half. Lawyer card company mouth network election office drug.\nView activity information adult somebody might alone. Own never PM allow.",
        "contraseña": "Girl success center against dream father. Fight its parent girl sea. Detail age plant authority sign",
        "fecha_de_registro": "2024-10-12T16:27:56.219"
    }
},
{
    "model": "Gestor.usuario",
    "pk": 3,
    "fields": {
        "nombre": "Product rule young score article represent special Democrat. Debate tax will recognize produce agree",
        "correo_electronico": "Watch question statement sea send look. Who claim decision too everything mind without guess.\nRest each throughout.\nLow family simple alone look attorney. Hot series almost movie reason.",
        "contraseña": "Air goal week employee including Mrs there. Region anything go organization small attention talk. Ne",
        "fecha_de_registro": "2024-10-12T16:27:56.219"
    }
},
{
    "model": "Gestor.usuario",
    "pk": 4,
    "fields": {
        "nombre": "Economic near situation wish center. Firm people drop. However camera enter what woman low these tri",
        "correo_electronico": "Line television although rest admit certainly approach. Experience knowledge north. Mention them feel phone.\nRecently learn street front party work camera. Peace kind real value why.",
        "contraseña": "Account bar issue area fall moment. Author bag employee. Maintain scene my or.\nOffer by behavior wai",
        "fecha_de_registro": "2024-10-12T16:27:56.219"
    }
},
{
    "model": "Gestor.usuario",
    "pk": 5,
    "fields": {
        "nombre": "Personal issue thing call. Page movement must board Mr benefit reason. Near red number heavy its tre",
        "correo_electronico": "Challenge generation skill describe painting question. Store why election face out operation. His data do magazine behind.",
        "contraseña": "Hour during prepare bring.\nAlthough likely front appear perform from. Sure American too section draw",
        "fecha_de_registro": "2024-10-12T16:27:56.219"
    }
},
{
    "model": "Gestor.usuario",
    "pk": 6,
    "fields": {
        "nombre": "Keep build floor oil success somebody of. Interest dog bag small of glass. Table recognize seem.",
        "correo_electronico": "Run night hair social role image option individual. Model letter work deep whatever building be. Tax glass support hospital hospital entire among door.",
        "contraseña": "Agent cover reflect woman degree election. When study number production often.\nWhen course glass wou",
        "fecha_de_registro": "2024-10-12T16:27:56.219"
    }
},
{
    "model": "Gestor.usuario",
    "pk": 7,
    "fields": {
        "nombre": "Figure already hour region. Mr put physical suggest prepare difficult. Yeah feeling within girl indu",
        "correo_electronico": "Cut want dog phone development life per. Tend hospital this assume work itself avoid. Member consider reveal something name.",
        "contraseña": "Thing beautiful west audience prepare test relationship like. Debate economic ball would. Dream trut",
        "fecha_de_registro": "2024-10-12T16:27:56.219"
    }
},
{
    "model": "Gestor.usuario",
    "pk": 8,
    "fields": {
        "nombre": "Letter rise thousand read body. Time for human it. General operation type idea now human.\nAvailable ",
        "correo_electronico": "General poor person experience. Area rich pick relate contain. Of center yourself speech most many identify.\nConsumer discuss particularly street. Rich already it specific table soon second example.",
        "contraseña": "Well talk discussion but. Give relationship game under.\nSometimes part word camera before pay. Suppo",
        "fecha_de_registro": "2024-10-12T16:27:56.219"
    }
},
{
    "model": "Gestor.usuario",
    "pk": 9,
    "fields": {
        "nombre": "Should miss reach. Where former against technology admit opportunity. Toward suffer off plant fear.\n",
        "correo_electronico": "Expect possible task speak. Investment present song. When politics enter action responsibility matter hotel.\nCold garden prevent. Soon lose drug walk structure.",
        "contraseña": "Style process themselves person family answer line. Bad trip with imagine imagine pretty.",
        "fecha_de_registro": "2024-10-12T16:27:56.219"
    }
},
{
    "model": "Gestor.usuario",
    "pk": 10,
    "fields": {
        "nombre": "Act probably car. Over themselves may leg major north world. Ready south institution care.\nBuilding ",
        "correo_electronico": "Finally name capital few affect white nor rest. Especially realize the behavior. Sound method capital artist trade suggest talk population.\nWe glass left these. Behavior color book bring.",
        "contraseña": "Teacher experience child soldier Congress politics full. Do trade stage southern.\nThat open agree br",
        "fecha_de_registro": "2024-10-12T16:27:56.219"
    }
},
{
    "model": "Gestor.usuario",
    "pk": 11,
    "fields": {
        "nombre": "Computer building program prove off safe. Oil move safe people something political morning.\nPower ag",
        "correo_electronico": "Effect ground staff teach evening approach look rise. Focus great environmental person important believe. Tonight discussion worry process.",
        "contraseña": "Fast word will the member. Official argue dream administration despite each their up. Available towa",
        "fecha_de_registro": "2024-10-12T16:27:56.219"
    }
},
{
    "model": "Gestor.usuario",
    "pk": 12,
    "fields": {
        "nombre": "School grow court per even education moment. Challenge contain represent people water allow.",
        "correo_electronico": "Or commercial feeling government budget. Condition current on report.\nFriend heart cover. Thus oil game analysis.",
        "contraseña": "Industry once provide laugh agency above. Threat heavy society low order. A large pick character bet",
        "fecha_de_registro": "2024-10-12T16:27:56.219"
    }
},
{
    "model": "Gestor.usuario",
    "pk": 13,
    "fields": {
        "nombre": "North head want quickly. Compare know challenge example court per. Above fill how light.\nPrepare opp",
        "correo_electronico": "Far carry recent add democratic particularly. Play close team goal top its talk.\nSuffer describe before film Republican.",
        "contraseña": "Itself use attack. Bring community too blood fall arrive. Wish character bit price laugh including. ",
        "fecha_de_registro": "2024-10-12T16:27:56.219"
    }
},
{
    "model": "Gestor.usuario",
    "pk": 14,
    "fields": {
        "nombre": "Capital phone room. Develop cultural him parent personal talk. Catch fire music religious purpose tr",
        "correo_electronico": "Win country campaign sound.\nAbility hot land center step. Chair involve wonder activity market. Computer trial be its point face force.",
        "contraseña": "American but well third these. Age work stand employee part evidence. Institution price whole but. A",
        "fecha_de_registro": "2024-10-12T16:27:56.219"
    }
},
{
    "model": "Gestor.usuario",
    "pk": 15,
    "fields": {
        "nombre": "Worry even might be. Technology property age physical air. Security sort they throw almost apply new",
        "correo_electronico": "Whole as another deal condition those someone. Guy interesting peace because.\nEvery such help example. Toward against event mention also small test.\nLeft very exactly goal hot imagine significant.",
        "contraseña": "Agreement writer network quite. Movement maintain crime or. Pattern study scientist beat air staff.\n",
        "fecha_de_registro": "2024-10-12T16:27:56.219"
    }
},
{
    "model": "Gestor.usuario",
    "pk": 16,
    "fields": {
        "nombre": "Give mean it drug.\nLast notice herself people. Including maybe explain those in nothing woman. Firm ",
        "correo_electronico": "Way industry explain put lawyer physical clear. Wall Congress work away.\nNorth more which member. Appear anyone top PM recognize close son.",
        "contraseña": "Manage matter think stuff fly cell mouth. Side big source. Around middle carry live new.\nDiscussion ",
        "fecha_de_registro": "2024-10-12T16:27:56.219"
    }
},
{
    "model": "Gestor.usuario",
    "pk": 17,
    "fields": {
        "nombre": "Yeah east walk consider stock. Glass fine money manager team.\nOrganization play air score key level.",
        "correo_electronico": "Else shoulder he worry ahead. Unit traditional big billion investment enjoy task.\nEither simply trade against quickly. Full family service along.",
        "contraseña": "Buy eight way report really his. Add care improve condition.\nMost popular difficult discover generat",
        "fecha_de_registro": "2024-10-12T16:27:56.219"
    }
},
{
    "model": "Gestor.usuario",
    "pk": 18,
    "fields": {
        "nombre": "Type before gas economy politics table include. Report their describe maybe feel size. This look und",
        "correo_electronico": "Defense first call mind game middle. Imagine my difficult role player threat pass.\nPicture character worker land try. Campaign include event arrive indeed.",
        "contraseña": "Option message back dinner direction program. Whom our during culture. Page contain ball father good",
        "fecha_de_registro": "2024-10-12T16:27:56.219"
    }
},
{
    "model": "Gestor.usuario",
    "pk": 19,
    "fields": {
        "nombre": "Many husband question western. Not price draw plant use truth. No book no way on.\nMoney director sor",
        "correo_electronico": "Play dog scene debate this. Message candidate give finish.\nAbility campaign woman morning join daughter. Report case require reflect part manage power president. Push machine ten involve.",
        "contraseña": "Common paper step stop kitchen painting. Short explain toward deal south range.",
        "fecha_de_registro": "2024-10-12T16:27:56.219"
    }
},
{
    "model": "Gestor.usuario",
    "pk": 20,
    "fields": {
        "nombre": "Provide product bill question degree. Far increase different or must fast.\nRequire present trip pres",
        "correo_electronico": "Artist hit peace job national. Laugh above data that ok class. Feeling future nature pretty daughter commercial really.",
        "contraseña": "Person five word bank support case. Quickly analysis music mother material phone board.\nGood far wei",
        "fecha_de_registro": "2024-10-12T16:27:56.219"
    }
},
{
    "model": "Gestor.usuario",
    "pk": 21,
    "fields": {
        "nombre": "Money mission white lawyer. Give individual past scene identify on.\nAir bring cold serve continue ha",
        "correo_electronico": "Whose reality student government. Start task foreign travel who compare operation happy. Cut culture should purpose.\nParty majority paper walk wrong bill.",
        "contraseña": "Future mission organization finish rock. Impact watch so clearly travel. Region always table free th",
        "fecha_de_registro": "2024-10-12T16:27:56.219"
    }
},
{
    "model": "Gestor.usuario",
    "pk": 22,
    "fields": {
        "nombre": "Economic cup financial either risk. Far way fast available probably.\nIf wear rather cost fact owner.",
        "correo_electronico": "Serious return result fall. Morning plan family require adult state start.\nHead than leave hit style. If change trouble budget big decide relate.",
        "contraseña": "Service system evidence subject. Doctor mother house.\nInto often how become at. The factor trial.\nGi",
        "fecha_de_registro": "2024-10-12T16:27:56.219"
    }
},
{
    "model": "Gestor.usuario",
    "pk": 23,
    "fields": {
        "nombre": "Start of school certainly including move. Operation government serious century ability summer market",
        "correo_electronico": "Assume reason bar. Understand same simply behind college. Laugh believe who film.",
        "contraseña": "Professional suffer item alone more. Office natural and voice Congress gas step discover. Appear hav",
        "fecha_de_registro": "2024-10-12T16:27:56.219"
    }
},
{
    "model": "Gestor.usuario",
    "pk": 24,
    "fields": {
        "nombre": "Some chance mother customer we. Charge move once audience yet.\nProfessional direction ground once wa",
        "correo_electronico": "Least class cover tough many. Organization reach soon one instead activity. Next conference central know theory.\nGirl particularly more third real system manage. Keep toward lawyer door scene.",
        "contraseña": "Four nation manager middle strategy. Social teach worry show seat lose during.",
        "fecha_de_registro": "2024-10-12T16:27:56.219"
    }
},
{
    "model": "Gestor.usuario",
    "pk": 25,
    "fields": {
        "nombre": "Recently give and author. Executive close interesting establish two raise face lay. Seven maintain b",
        "correo_electronico": "Live almost sit. Prevent yet same everything. All ready world keep author as.\nSocial can across recent maintain project. Difference fish case.",
        "contraseña": "Very yourself system to fight oil newspaper. Window mission ten all his rock do general.\nBrother me ",
        "fecha_de_registro": "2024-10-12T16:27:56.219"
    }
},
{
    "model": "Gestor.usuario",
    "pk": 26,
    "fields": {
        "nombre": "Establish adult president why. Between sea she season. Anything order sell attack somebody wait gove",
        "correo_electronico": "Pass reach look trade. Per analysis morning at several even. Suddenly style necessary project respond.\nToday section TV worry. Entire drug store race stand break morning become.",
        "contraseña": "Road also down himself when attention want. Foot benefit great push. Long animal know us.",
        "fecha_de_registro": "2024-10-12T16:27:56.219"
    }
},
{
    "model": "Gestor.usuario",
    "pk": 27,
    "fields": {
        "nombre": "Individual always say start wife. Media real hot use full.\nWorld stock machine subject.\nReason affec",
        "correo_electronico": "Individual big increase center. Officer last blood. War over who.\nArrive mention hard down fish wonder. Worker near democratic form outside medical.",
        "contraseña": "Sort claim set. Form two mean data exist treatment staff. Identify ready short sing everybody next w",
        "fecha_de_registro": "2024-10-12T16:27:56.219"
    }
},
{
    "model": "Gestor.usuario",
    "pk": 28,
    "fields": {
        "nombre": "Religious strategy hospital left. National candidate gun become site.\nOil such chair son. Couple dar",
        "correo_electronico": "Husband development child yeah but skill with. Part anyone my maintain picture spring parent. Huge hear election first continue.\nProduction move box herself. Cut firm particular seven nice.",
        "contraseña": "Source provide sister enjoy usually gas. Seat sit lead detail outside up in. Baby ability conference",
        "fecha_de_registro": "2024-10-12T16:27:56.219"
    }
},
{
    "model": "Gestor.usuario",
    "pk": 29,
    "fields": {
        "nombre": "Policy shoulder from score employee. Respond simple visit theory audience exist. Nothing score insti",
        "correo_electronico": "Eat away student certainly because enough. Story guy dinner sell building necessary street.",
        "contraseña": "Serious that force now sea quite.\nEmployee must democratic history forward. Foot gas training cultur",
        "fecha_de_registro": "2024-10-12T16:27:56.219"
    }
},
{
    "model": "Gestor.usuario",
    "pk": 30,
    "fields": {
        "nombre": "Really however watch send themselves upon discussion. Anyone type keep. Laugh clear race project pap",
        "correo_electronico": "Share yet relate member learn. Ever could success yard view also cost. Idea collection home free. Reality sense these.",
        "contraseña": "Job majority live these management. Executive too message beat. Analysis effect fast on scene. Conti",
        "fecha_de_registro": "2024-10-12T16:27:56.219"
    }
},
{
    "model": "Gestor.proyecto",
    "pk": 1,
    "fields": {
        "nombre": "Model writer TV success provide six then. Memory while them write member. Program program join avoid.",
        "descripcion": "Cold attorney study voice three. Recently ok again from court speak rate.\nImagine my then under letter. School fund hear table thousand idea until late.",
        "duracion_estimada": 0.313902772711682,
        "fecha_de_inicio": "2007-06-22",
        "fecha_de_finalizacion": "2001-06-18",
        "creador": 14
    }
},
{
    "model": "Gestor.proyecto",
    "pk": 2,
    "fields": {
        "nombre": "Approach air choice nearly never staff his. Key now explain recent hard fund.\nHear start control individual address page author. Travel east magazine month new few. Friend couple war.",
        "descripcion": "Third enjoy my loss plan hold. True think anything anything realize evidence game.",
        "duracion_estimada": 0.2827403665075071,
        "fecha_de_inicio": "1983-01-31",
        "fecha_de_finalizacion": "1992-06-02",
        "creador": 7
    }
},
{
    "model": "Gestor.proyecto",
    "pk": 3,
    "fields": {
        "nombre": "Yet rather seek eat lose. Deep out position girl brother sort best. Fall single in and cold.",
        "descripcion": "Project sometimes whether word center step.\nLand land particular poor while me fear. Clear final doctor answer least carry once. Moment partner attention record production before cut.",
        "duracion_estimada": 0.4672489955396486,
        "fecha_de_inicio": "2019-10-24",
        "fecha_de_finalizacion": "1975-06-12",
        "creador": 1
    }
},
{
    "model": "Gestor.proyecto",
    "pk": 4,
    "fields": {
        "nombre": "May new relate room team. Test figure hundred yes actually despite business. Suffer main occur tonight very during movie.",
        "descripcion": "Involve argue in figure south. Successful threat head room find local director provide.",
        "duracion_estimada": 0.7380386775589446,
        "fecha_de_inicio": "1983-12-23",
        "fecha_de_finalizacion": "1975-08-04",
        "creador": 12
    }
},
{
    "model": "Gestor.proyecto",
    "pk": 5,
    "fields": {
        "nombre": "Dark figure nearly more world possible. Material fight network service performance. Executive treatment place turn risk later rest.",
        "descripcion": "Actually expect the visit possible network. Candidate step parent piece foreign turn. Foreign mind film unit.\nMain onto during. Agree its hit different pressure thought up.",
        "duracion_estimada": 0.6612833305183954,
        "fecha_de_inicio": "1999-06-23",
        "fecha_de_finalizacion": "2023-08-19",
        "creador": 17
    }
},
{
    "model": "Gestor.proyecto",
    "pk": 6,
    "fields": {
        "nombre": "Hand stage this eye. Final nothing gun discussion stage usually move.",
        "descripcion": "Man president chance. Front majority address executive way see real. Participant third picture party raise coach sea.\nTheir reflect radio eight fall any. Avoid interesting actually once.",
        "duracion_estimada": 0.9849635542628927,
        "fecha_de_inicio": "1975-02-22",
        "fecha_de_finalizacion": "2018-06-30",
        "creador": 4
    }
},
{
    "model": "Gestor.proyecto",
    "pk": 7,
    "fields": {
        "nombre": "Join society floor already respond card. Industry information culture laugh hour despite need.",
        "descripcion": "Focus front reveal. Identify my individual yard degree rate black.",
        "duracion_estimada": 0.23108290297485223,
        "fecha_de_inicio": "2021-09-13",
        "fecha_de_finalizacion": "2015-12-02",
        "creador": 17
    }
},
{
    "model": "Gestor.proyecto",
    "pk": 8,
    "fields": {
        "nombre": "Candidate talk argue difference year against. Line door pick turn father.\nBlack white fire wonder entire wonder structure. Voice pattern appear week. Think forget discuss run lot drug.",
        "descripcion": "For clearly task indicate another share. Its movement yet if without well. Always thus magazine pick.",
        "duracion_estimada": 0.8260081655229565,
        "fecha_de_inicio": "1995-02-17",
        "fecha_de_finalizacion": "2010-06-27",
        "creador": 10
    }
},
{
    "model": "Gestor.proyecto",
    "pk": 9,
    "fields": {
        "nombre": "Continue parent field resource offer. Me good partner leg ground. Paper box top though.\nFront nearly something station. Western five field through. Occur become measure her culture language way.",
        "descripcion": "Brother test argue huge green. Less surface population right create single.\nGreat couple develop black radio much. Yet leave audience security. Positive account thing according turn enjoy.",
        "duracion_estimada": 0.5122163743792547,
        "fecha_de_inicio": "2015-11-11",
        "fecha_de_finalizacion": "2004-08-19",
        "creador": 7
    }
},
{
    "model": "Gestor.proyecto",
    "pk": 10,
    "fields": {
        "nombre": "Nothing serious few trade.\nRegion control finish both. Well camera choice kid help city business including. Peace return child.",
        "descripcion": "Hope one anything beautiful. Week war level example name message word.\nMusic may ball. Carry job hold agency action agency. Pressure society western.",
        "duracion_estimada": 0.7239319780225817,
        "fecha_de_inicio": "1992-11-30",
        "fecha_de_finalizacion": "2018-07-02",
        "creador": 19
    }
},
{
    "model": "Gestor.proyecto",
    "pk": 11,
    "fields": {
        "nombre": "Learn defense morning remember. Same before charge life decide now avoid. Main whatever situation coach. She commercial need mission official television century.",
        "descripcion": "Wear west wonder skin around matter. Choice on statement second strong nothing. Each pay themselves local condition. Because point draw chance return sometimes memory sense.",
        "duracion_estimada": 0.053897477774586755,
        "fecha_de_inicio": "2003-07-29",
        "fecha_de_finalizacion": "1980-11-26",
        "creador": 19
    }
},
{
    "model": "Gestor.proyecto",
    "pk": 12,
    "fields": {
        "nombre": "Poor kitchen sing either assume. Through yard international job clear media million. Hour middle property bed pick hotel issue. Inside major reveal trouble no term.",
        "descripcion": "Technology clearly oil long sell. Public quite wife relate.\nStructure pretty result. Standard truth memory reveal ahead clear right.",
        "duracion_estimada": 0.34047336602356726,
        "fecha_de_inicio": "1997-12-28",
        "fecha_de_finalizacion": "1982-05-23",
        "creador": 5
    }
},
{
    "model": "Gestor.proyecto",
    "pk": 13,
    "fields": {
        "nombre": "Eight suddenly bit. Section seem these behind machine factor station.",
        "descripcion": "Production west career.\nSong someone eye price name pick. Still challenge hand rich. Behind else win indicate firm way traditional.",
        "duracion_estimada": 0.15777124588627134,
        "fecha_de_inicio": "2022-10-20",
        "fecha_de_finalizacion": "1990-06-06",
        "creador": 21
    }
},
{
    "model": "Gestor.proyecto",
    "pk": 14,
    "fields": {
        "nombre": "Evening international smile produce. Trip great nor quickly sing remember.\nFight wear if or nor state personal. Common its religious reason write right. Central join large rule start expert.",
        "descripcion": "Cut believe environment pass answer. Crime loss save city.\nEnjoy store weight smile. Official up receive deep less size. Cold popular run.\nBlack sell through. Cell consider little ground.",
        "duracion_estimada": 0.3795943362091617,
        "fecha_de_inicio": "1989-01-12",
        "fecha_de_finalizacion": "2001-02-13",
        "creador": 6
    }
},
{
    "model": "Gestor.proyecto",
    "pk": 15,
    "fields": {
        "nombre": "Speak design community system region best. Free financial you against.\nMake tend federal force past. Fish matter even about attorney both successful.",
        "descripcion": "Staff weight subject travel artist buy once. Across law herself all nice simple. Compare occur describe seek determine follow.",
        "duracion_estimada": 0.9259420578849311,
        "fecha_de_inicio": "2017-06-08",
        "fecha_de_finalizacion": "2006-04-25",
        "creador": 9
    }
},
{
    "model": "Gestor.proyecto",
    "pk": 16,
    "fields": {
        "nombre": "Official resource local agent nation. Effort reason north else. Idea note last who ground space enough.\nGuy poor clear president. Big big report should left figure.",
        "descripcion": "Thank carry ask beat.\nHigh professional suddenly boy. Usually room level government born see.\nPolitical blood west rest marriage. Drop pressure teacher federal foreign set.",
        "duracion_estimada": 0.25237109054718865,
        "fecha_de_inicio": "1979-12-24",
        "fecha_de_finalizacion": "2003-06-09",
        "creador": 22
    }
},
{
    "model": "Gestor.proyecto",
    "pk": 17,
    "fields": {
        "nombre": "Cut stand control window few people. Type likely participant response.\nWindow admit from chair travel. Civil husband west bad election. Though participant protect sister but usually staff too.",
        "descripcion": "When author environmental throughout. Season key run what know save. Race response wait during.",
        "duracion_estimada": 0.6378781993237698,
        "fecha_de_inicio": "2000-09-14",
        "fecha_de_finalizacion": "1999-01-17",
        "creador": 26
    }
},
{
    "model": "Gestor.proyecto",
    "pk": 18,
    "fields": {
        "nombre": "Knowledge anything customer detail whether forward wind. Involve popular moment white evidence. Door away sure phone chance meet son day. Doctor song gun.",
        "descripcion": "Impact sister movement fall guess town. Poor wife mention figure.\nModel painting soldier condition political job produce. Service traditional like into citizen many. Owner most religious successful.",
        "duracion_estimada": 0.24671769228088025,
        "fecha_de_inicio": "1977-09-23",
        "fecha_de_finalizacion": "1986-07-21",
        "creador": 18
    }
},
{
    "model": "Gestor.proyecto",
    "pk": 19,
    "fields": {
        "nombre": "Senior majority really big garden off. Message training wife discuss sell control man.\nFour season cell no and. Daughter individual describe trade.",
        "descripcion": "Child officer crime audience age somebody onto. Outside look usually nice concern family.\nWorker when night term single stop interest. Life big some each.",
        "duracion_estimada": 0.39979191872574393,
        "fecha_de_inicio": "2016-08-10",
        "fecha_de_finalizacion": "2013-05-18",
        "creador": 18
    }
},
{
    "model": "Gestor.proyecto",
    "pk": 20,
    "fields": {
        "nombre": "Lot commercial week quickly key market. Scene early make into by. Wish interview off. Draw evidence wide common arrive live article.\nPrice four model. Need water none line tough film you heart.",
        "descripcion": "Consumer society although fear including. Air clearly worker might.\nLeader long join law pretty market media compare. Center claim note home lot factor. Difficult range item per smile ready.",
        "duracion_estimada": 0.7656654611007048,
        "fecha_de_inicio": "2024-04-26",
        "fecha_de_finalizacion": "2010-02-22",
        "creador": 5
    }
},
{
    "model": "Gestor.proyecto",
    "pk": 21,
    "fields": {
        "nombre": "Up indeed represent change high act top huge. Memory generation add play shake always. Conference church simple bad.\nModel up although. Street various official visit reach. They like reason.",
        "descripcion": "Head ever among particular level big. Field actually since try where.\nDecade church image bad some it health with. Character call represent cause hot fight.",
        "duracion_estimada": 0.422863141410437,
        "fecha_de_inicio": "2023-12-29",
        "fecha_de_finalizacion": "2020-03-13",
        "creador": 7
    }
},
{
    "model": "Gestor.proyecto",
    "pk": 22,
    "fields": {
        "nombre": "Around night cell art southern pattern. Dream join quality central sport. Government test us among hour.",
        "descripcion": "Gas rock behavior.\nMission stuff star own. Laugh suggest our increase situation statement boy American. Vote save would smile nothing.\nThousand take grow loss five seat.",
        "duracion_estimada": 0.0052584680016471985,
        "fecha_de_inicio": "1978-07-12",
        "fecha_de_finalizacion": "2014-06-25",
        "creador": 17
    }
},
{
    "model": "Gestor.proyecto",
    "pk": 23,
    "fields": {
        "nombre": "Item outside require fight. True week project military leader. Do water station event tend example.",
        "descripcion": "Structure region begin ability similar example. Similar could quality. Ok toward ask Mrs sing Republican explain organization. Else middle less involve.",
        "duracion_estimada": 0.9746257176481381,
        "fecha_de_inicio": "2008-10-11",
        "fecha_de_finalizacion": "2013-07-08",
        "creador": 22
    }
},
{
    "model": "Gestor.proyecto",
    "pk": 24,
    "fields": {
        "nombre": "Sea it may modern never trial role.\nFirst lot late. Ahead everybody mean practice staff argue. Blood here set morning.",
        "descripcion": "Would modern face yourself effort own become. View rate very.\nGround these student difference. Face ten into kid find read if. Where read cup vote sister former.",
        "duracion_estimada": 0.10888564399178857,
        "fecha_de_inicio": "2023-08-03",
        "fecha_de_finalizacion": "2006-12-16",
        "creador": 8
    }
},
{
    "model": "Gestor.proyecto",
    "pk": 25,
    "fields": {
        "nombre": "I finish reality individual. Speak arrive inside economic environmental mother. Nature a hope daughter official.",
        "descripcion": "Score let grow hot ball serve then woman. Prevent forget strategy capital. Art dinner report wrong age laugh.",
        "duracion_estimada": 0.4062724142713158,
        "fecha_de_inicio": "2015-06-22",
        "fecha_de_finalizacion": "2003-12-25",
        "creador": 10
    }
},
{
    "model": "Gestor.proyecto",
    "pk": 26,
    "fields": {
        "nombre": "Product partner allow expert. Identify body decision while cold. Into whatever big social final strategy cut employee.",
        "descripcion": "Research the benefit much word. Major light possible piece last customer class drug. Analysis travel sometimes establish before back magazine.",
        "duracion_estimada": 0.5980384490542656,
        "fecha_de_inicio": "2017-09-19",
        "fecha_de_finalizacion": "1983-01-20",
        "creador": 9
    }
},
{
    "model": "Gestor.proyecto",
    "pk": 27,
    "fields": {
        "nombre": "Important without parent item industry. Each store loss whom forget energy. Production artist little then summer investment. Scientist natural state themselves value success.",
        "descripcion": "Skill two above less item less cause. Better career enter grow.",
        "duracion_estimada": 0.2978550555563093,
        "fecha_de_inicio": "1974-03-19",
        "fecha_de_finalizacion": "2010-08-03",
        "creador": 24
    }
},
{
    "model": "Gestor.proyecto",
    "pk": 28,
    "fields": {
        "nombre": "This why policy enough ahead about hard. Hard seat room son town soldier between. Through fire reason serious interesting hour size trip.",
        "descripcion": "Enough money loss while. Create mind base blue avoid.\nForm affect wear benefit draw. Smile ground room interview always daughter. Call no race capital.",
        "duracion_estimada": 0.6536325662139715,
        "fecha_de_inicio": "2021-11-27",
        "fecha_de_finalizacion": "2023-02-19",
        "creador": 12
    }
},
{
    "model": "Gestor.proyecto",
    "pk": 29,
    "fields": {
        "nombre": "Service something friend true focus role pass. Person save social opportunity.\nUnit detail child miss. Right phone American heart discussion. My political radio cell fill conference.",
        "descripcion": "Short thought exist each itself. Rise actually though agree air west friend unit. Economic company never throughout thus.",
        "duracion_estimada": 0.6659084720903805,
        "fecha_de_inicio": "1995-10-11",
        "fecha_de_finalizacion": "1971-08-06",
        "creador": 8
    }
},
{
    "model": "Gestor.proyecto",
    "pk": 30,
    "fields": {
        "nombre": "Page walk audience hard. Hour better trouble great pay probably election.\nFollow old thought thank pressure. Small north design face when prevent ask. Skin through type appear science man.",
        "descripcion": "Couple anything professional number. Think brother surface personal help team long.\nImage newspaper cell local put. This speech break pull. Fire bring course bar live wait expert Mrs.",
        "duracion_estimada": 0.039531415232105016,
        "fecha_de_inicio": "1980-11-25",
        "fecha_de_finalizacion": "2018-08-30",
        "creador": 23
    }
},
{
    "model": "Gestor.etiqueta",
    "pk": 1,
    "fields": {
        "nombre": "Cell memory view key exist book second suddenly."
    }
},
{
    "model": "Gestor.etiqueta",
    "pk": 2,
    "fields": {
        "nombre": "Thousand you his interview we only reason."
    }
},
{
    "model": "Gestor.etiqueta",
    "pk": 3,
    "fields": {
        "nombre": "Particular open arrive memory claim man leave."
    }
},
{
    "model": "Gestor.etiqueta",
    "pk": 4,
    "fields": {
        "nombre": "Hundred him sing each authority."
    }
},
{
    "model": "Gestor.etiqueta",
    "pk": 5,
    "fields": {
        "nombre": "Style executive born address machine drug."
    }
},
{
    "model": "Gestor.etiqueta",
    "pk": 6,
    "fields": {
        "nombre": "Particularly beautiful change movement."
    }
},
{
    "model": "Gestor.etiqueta",
    "pk": 7,
    "fields": {
        "nombre": "Media heart watch Democrat hour our we."
    }
},
{
    "model": "Gestor.etiqueta",
    "pk": 8,
    "fields": {
        "nombre": "During in these court sing unit story."
    }
},
{
    "model": "Gestor.etiqueta",
    "pk": 9,
    "fields": {
        "nombre": "Yeah result event author. Teach life debate."
    }
},
{
    "model": "Gestor.etiqueta",
    "pk": 10,
    "fields": {
        "nombre": "About style star dinner."
    }
},
{
    "model": "Gestor.etiqueta",
    "pk": 11,
    "fields": {
        "nombre": "Man music study the."
    }
},
{
    "model": "Gestor.etiqueta",
    "pk": 12,
    "fields": {
        "nombre": "Wife season clear."
    }
},
{
    "model": "Gestor.etiqueta",
    "pk": 13,
    "fields": {
        "nombre": "Ready enough common station red."
    }
},
{
    "model": "Gestor.etiqueta",
    "pk": 14,
    "fields": {
        "nombre": "Water born role nearly."
    }
},
{
    "model": "Gestor.etiqueta",
    "pk": 15,
    "fields": {
        "nombre": "Cup power service tell."
    }
},
{
    "model": "Gestor.etiqueta",
    "pk": 16,
    "fields": {
        "nombre": "Speak the plan film girl. Cause tree trade all."
    }
},
{
    "model": "Gestor.etiqueta",
    "pk": 17,
    "fields": {
        "nombre": "Impact chance choice career ago."
    }
},
{
    "model": "Gestor.etiqueta",
    "pk": 18,
    "fields": {
        "nombre": "Open art organization nor force."
    }
},
{
    "model": "Gestor.etiqueta",
    "pk": 19,
    "fields": {
        "nombre": "Social generation compare still."
    }
},
{
    "model": "Gestor.etiqueta",
    "pk": 20,
    "fields": {
        "nombre": "Go left citizen across economic reach."
    }
},
{
    "model": "Gestor.etiqueta",
    "pk": 21,
    "fields": {
        "nombre": "Feeling data attack cell high even level letter."
    }
},
{
    "model": "Gestor.etiqueta",
    "pk": 22,
    "fields": {
        "nombre": "Generation management think sea among."
    }
},
{
    "model": "Gestor.etiqueta",
    "pk": 23,
    "fields": {
        "nombre": "Senior figure from data. Capital two member you."
    }
},
{
    "model": "Gestor.etiqueta",
    "pk": 24,
    "fields": {
        "nombre": "Condition animal just."
    }
},
{
    "model": "Gestor.etiqueta",
    "pk": 25,
    "fields": {
        "nombre": "My know theory really. Bill see me though spend."
    }
},
{
    "model": "Gestor.etiqueta",
    "pk": 26,
    "fields": {
        "nombre": "Us talk agent especially fish happy choose."
    }
},
{
    "model": "Gestor.etiqueta",
    "pk": 27,
    "fields": {
        "nombre": "Method source school along."
    }
},
{
    "model": "Gestor.etiqueta",
    "pk": 28,
    "fields": {
        "nombre": "Reality your property trip officer effect."
    }
},
{
    "model": "Gestor.etiqueta",
    "pk": 29,
    "fields": {
        "nombre": "Long shake feeling return nearly behavior."
    }
},
{
    "model": "Gestor.etiqueta",
    "pk": 30,
    "fields": {
        "nombre": "Road writer happen."
    }
},
{
    "model": "Gestor.tarea",
    "pk": 1,
    "fields": {
        "titulo": "Bit allow federal kind. Baby thousand fill hear.\nDay seek choice world watch learn behind. Note myself light attorney news article. Firm kitchen baby.\nSame nothing none. Hard group know.",
        "descripcion": "Sell opportunity south. Director husband show real.\nIdentify red quite investment. Sure what service main here. Else if without talk interesting garden wind.",
        "prioridad": 14696,
        "estado": "Progreso",
        "completado": false,
        "fecha_de_creacion": "1993-05-27",
        "hora_de_vencimiento": "18:48:40",
        "proyecto": 21,
        "creador": 26,
        "etiquetas": [
            3,
            17,
            23,
            27,
            29
        ]
    }
},
{
    "model": "Gestor.tarea",
    "pk": 2,
    "fields": {
        "titulo": "Worker blue material young best sea break. Parent Republican free direction clearly value common.\nIncluding two them smile doctor certain region. See we pick must.\nPicture test left president.",
        "descripcion": "Go might necessary. Season direction strategy fish. Community democratic case chair.\nStandard inside sea right agent. Plan real summer section ball. More over nation state.",
        "prioridad": 30513,
        "estado": "Pendiente",
        "completado": true,
        "fecha_de_creacion": "1998-03-21",
        "hora_de_vencimiento": "09:55:34",
        "proyecto": 28,
        "creador": 5,
        "etiquetas": [
            21
        ]
    }
},
{
    "model": "Gestor.tarea",
    "pk": 3,
    "fields": {
        "titulo": "Financial peace anything matter social keep in child. Court line indicate range consumer care.",
        "descripcion": "Him ask chair focus. Within yeah early rather response the decide. Camera both effect center.\nLeg identify leave. Interesting street moment former president firm.",
        "prioridad": 20852,
        "estado": "Progreso",
        "completado": true,
        "fecha_de_creacion": "1983-06-27",
        "hora_de_vencimiento": "18:18:30",
        "proyecto": 11,
        "creador": 9,
        "etiquetas": [
            10,
            13,
            14,
            17,
            18
        ]
    }
},
{
    "model": "Gestor.tarea",
    "pk": 4,
    "fields": {
        "titulo": "Mind bring live hotel measure. Federal politics return week because.\nYou she including agreement although. Condition would while both effort it day.\nNote officer indeed white.",
        "descripcion": "Card respond everybody lot school sit. Fish by end.\nGoal environment challenge much take agree. Why plant those leave. Meeting grow fill wrong.",
        "prioridad": 32153,
        "estado": "Progreso",
        "completado": false,
        "fecha_de_creacion": "2022-05-16",
        "hora_de_vencimiento": "19:09:54",
        "proyecto": 3,
        "creador": 15,
        "etiquetas": [
            26
        ]
    }
},
{
    "model": "Gestor.tarea",
    "pk": 5,
    "fields": {
        "titulo": "Government note moment particularly once what least student. Our culture month responsibility gun morning detail.\nProduce paper someone. Mind reflect third already.\nTop rich you put agree parent.",
        "descripcion": "Two positive always sort poor everyone. Car mention more poor arrive say. Statement born sport he.\nWeek believe total structure particular thousand.",
        "prioridad": 9128,
        "estado": "Completada",
        "completado": true,
        "fecha_de_creacion": "2009-04-17",
        "hora_de_vencimiento": "08:28:01",
        "proyecto": 1,
        "creador": 18,
        "etiquetas": [
            18
        ]
    }
},
{
    "model": "Gestor.tarea",
    "pk": 6,
    "fields": {
        "titulo": "Notice wish pass kind cut the change yourself. Strong physical expert end. Network ten cultural brother.",
        "descripcion": "Morning new student in. Relationship though stage glass wish never. Research send stay recognize modern kind. Age president when by.\nSport student look heavy. However hotel result space.",
        "prioridad": 6144,
        "estado": "Progreso",
        "completado": false,
        "fecha_de_creacion": "1989-07-13",
        "hora_de_vencimiento": "12:41:37",
        "proyecto": 25,
        "creador": 30,
        "etiquetas": [
            11
        ]
    }
},
{
    "model": "Gestor.tarea",
    "pk": 7,
    "fields": {
        "titulo": "Music perhaps behind story hope change paper suffer. None serious group unit situation apply seat.\nEach according risk consider ago use cost. Occur ready bed oil none.",
        "descripcion": "President group unit join nothing course follow radio. Later six upon product.\nAvoid land house institution. Serve guess manager foreign sometimes. Sign character participant college young her.",
        "prioridad": 22416,
        "estado": "Progreso",
        "completado": true,
        "fecha_de_creacion": "2022-01-24",
        "hora_de_vencimiento": "11:19:26",
        "proyecto": 29,
        "creador": 24,
        "etiquetas": [
            3,
            15
        ]
    }
},
{
    "model": "Gestor.tarea",
    "pk": 8,
    "fields": {
        "titulo": "Just recognize old. Someone find suffer forward store involve perform interview.\nAttack agent wear shoulder.\nHot head usually. Trouble behind decision watch.",
        "descripcion": "Think prepare son address. Read practice her last production then. Mother sound senior town stage include.",
        "prioridad": -32328,
        "estado": "Progreso",
        "completado": false,
        "fecha_de_creacion": "1999-07-12",
        "hora_de_vencimiento": "10:02:03",
        "proyecto": 30,
        "creador": 28,
        "etiquetas": [
            9,
            12,
            14,
            16,
            25,
            26,
            27
        ]
    }
},
{
    "model": "Gestor.tarea",
    "pk": 9,
    "fields": {
        "titulo": "Today fund speak add detail. Party late rate computer.\nGuy system behavior. Hope have happen one assume.\nDream energy drive alone focus trip toward. Drive miss often. Age yes newspaper green.",
        "descripcion": "Wide body analysis apply maintain. Government speech quickly nothing sell.\nCouple over network material. Plant far how.",
        "prioridad": -14983,
        "estado": "Completada",
        "completado": true,
        "fecha_de_creacion": "2014-07-01",
        "hora_de_vencimiento": "18:31:37",
        "proyecto": 13,
        "creador": 7,
        "etiquetas": [
            11,
            25,
            26,
            30
        ]
    }
},
{
    "model": "Gestor.tarea",
    "pk": 10,
    "fields": {
        "titulo": "Report health national such impact. Hard reveal important argue land.\nPretty between positive. Source wear office produce everything. Person join form control between character.",
        "descripcion": "Finish soon call industry. But crime mission blue arm.\nKeep population little two size. Direction character you score along animal history perhaps. Pick sell out street property.",
        "prioridad": 6446,
        "estado": "Pendiente",
        "completado": false,
        "fecha_de_creacion": "2009-12-18",
        "hora_de_vencimiento": "02:16:29",
        "proyecto": 2,
        "creador": 27,
        "etiquetas": [
            9
        ]
    }
},
{
    "model": "Gestor.tarea",
    "pk": 11,
    "fields": {
        "titulo": "So beautiful party manager easy pay. Attack first cup PM already. Time popular around.\nYou gas her worry floor community policy board. Million sometimes require drive. Could few always test.",
        "descripcion": "Throw or decade billion others. Situation why second approach ability continue. Newspaper wide standard painting leader course simple thought.",
        "prioridad": -31492,
        "estado": "Pendiente",
        "completado": true,
        "fecha_de_creacion": "1973-02-08",
        "hora_de_vencimiento": "09:47:32",
        "proyecto": 27,
        "creador": 7,
        "etiquetas": [
            3,
            9,
            12,
            17,
            21,
            26,
            30
        ]
    }
},
{
    "model": "Gestor.tarea",
    "pk": 12,
    "fields": {
        "titulo": "Different woman focus set. Explain everybody land benefit something particularly much. Finally about marriage begin hundred best out.",
        "descripcion": "Hope into cover house conference degree hear. Conference act all oil garden.\nElection parent enter hundred ok individual image old. Voice around beyond amount arrive. Say candidate long positive.",
        "prioridad": 19703,
        "estado": "Pendiente",
        "completado": false,
        "fecha_de_creacion": "2024-05-22",
        "hora_de_vencimiento": "03:19:10",
        "proyecto": 7,
        "creador": 18,
        "etiquetas": [
            17,
            27
        ]
    }
},
{
    "model": "Gestor.tarea",
    "pk": 13,
    "fields": {
        "titulo": "System student church save responsibility. Keep figure him step movie across piece.",
        "descripcion": "Skill rock adult everything without career next by. Difference attack thank establish soldier. Threat thing body past central finally.",
        "prioridad": 13438,
        "estado": "Progreso",
        "completado": true,
        "fecha_de_creacion": "2006-05-25",
        "hora_de_vencimiento": "17:04:32",
        "proyecto": 19,
        "creador": 24,
        "etiquetas": [
            9,
            13,
            15,
            16,
            24
        ]
    }
},
{
    "model": "Gestor.tarea",
    "pk": 14,
    "fields": {
        "titulo": "Customer tend beautiful. Position challenge three want gun often.\nParticularly both other manager whole star. Its state federal expect write.",
        "descripcion": "If machine policy take. Turn hotel population not those.\nTeam apply citizen character thank. Watch step American small between. Fish worker car.",
        "prioridad": -29838,
        "estado": "Completada",
        "completado": false,
        "fecha_de_creacion": "2004-06-27",
        "hora_de_vencimiento": "14:19:42",
        "proyecto": 8,
        "creador": 16,
        "etiquetas": [
            4,
            6,
            7,
            8,
            17,
            18,
            19
        ]
    }
},
{
    "model": "Gestor.tarea",
    "pk": 15,
    "fields": {
        "titulo": "Final north factor design. Yard everybody myself exist start analysis. As understand generation play.\nBetween whole city happy lay executive head. Top write quite sometimes.",
        "descripcion": "Know former well condition fear note policy still. Ask south stop day spend simple sister large.",
        "prioridad": 8457,
        "estado": "Progreso",
        "completado": false,
        "fecha_de_creacion": "2012-02-24",
        "hora_de_vencimiento": "00:16:09",
        "proyecto": 22,
        "creador": 1,
        "etiquetas": [
            7,
            17,
            19
        ]
    }
},
{
    "model": "Gestor.tarea",
    "pk": 16,
    "fields": {
        "titulo": "Maybe seat question participant population much little. Crime wide paper north summer.",
        "descripcion": "Fear exist loss of simple because within. Part goal morning then Republican society. Assume through eat officer power natural claim.",
        "prioridad": 28443,
        "estado": "Completada",
        "completado": true,
        "fecha_de_creacion": "2002-06-28",
        "hora_de_vencimiento": "11:36:55",
        "proyecto": 9,
        "creador": 24,
        "etiquetas": [
            8,
            12,
            16
        ]
    }
},
{
    "model": "Gestor.tarea",
    "pk": 17,
    "fields": {
        "titulo": "Human hand instead huge. Year lead hard this degree good same. Want group single charge effect with if my.",
        "descripcion": "Hour try worry glass. Black grow want commercial management leader there. Federal rule various hot fall.",
        "prioridad": 23515,
        "estado": "Completada",
        "completado": false,
        "fecha_de_creacion": "2004-08-25",
        "hora_de_vencimiento": "17:15:26",
        "proyecto": 17,
        "creador": 26,
        "etiquetas": [
            5,
            17,
            28
        ]
    }
},
{
    "model": "Gestor.tarea",
    "pk": 18,
    "fields": {
        "titulo": "Increase night enjoy yet bit. Nearly west few able campaign maintain. Political everybody third mention middle.",
        "descripcion": "Budget event choose occur shoulder. Prove fine second work win into perform. Firm small quickly country my sometimes middle.",
        "prioridad": 9528,
        "estado": "Progreso",
        "completado": false,
        "fecha_de_creacion": "2001-10-10",
        "hora_de_vencimiento": "01:40:30",
        "proyecto": 10,
        "creador": 19,
        "etiquetas": [
            11,
            13,
            16,
            17,
            22,
            29
        ]
    }
},
{
    "model": "Gestor.tarea",
    "pk": 19,
    "fields": {
        "titulo": "Sister while individual religious television new film stage. Product for time person past care determine degree. Option meet animal make.\nSouth network large least fine.",
        "descripcion": "Beat current quality sign. None minute mouth order finally feel.\nService surface relate appear bank. Tv surface situation position society. Ready future represent present pretty into research.",
        "prioridad": 898,
        "estado": "Completada",
        "completado": false,
        "fecha_de_creacion": "1997-11-13",
        "hora_de_vencimiento": "13:53:54",
        "proyecto": 12,
        "creador": 27,
        "etiquetas": [
            16
        ]
    }
},
{
    "model": "Gestor.tarea",
    "pk": 20,
    "fields": {
        "titulo": "Finish nice generation billion lot all. Cost east number small sea. Its sometimes break item.\nUntil ready consumer defense those. Truth move successful. Only finally could century week.",
        "descripcion": "Whatever cover appear owner pick. Single themselves grow difficult. Tell I free billion future focus turn research.",
        "prioridad": 19152,
        "estado": "Pendiente",
        "completado": true,
        "fecha_de_creacion": "1997-10-03",
        "hora_de_vencimiento": "05:16:35",
        "proyecto": 8,
        "creador": 9,
        "etiquetas": [
            2,
            3,
            5
        ]
    }
},
{
    "model": "Gestor.tarea",
    "pk": 21,
    "fields": {
        "titulo": "Could result purpose perhaps. White wide color trip day people arrive. Enjoy day rock thus.\nOption generation take exactly most father. Card the billion baby professor. Cold action poor answer.",
        "descripcion": "Ten factor know actually. Executive product sign could picture whether. Bank machine base rather evidence.\nBook as top chance board matter decide. Up another home cover hair before.",
        "prioridad": 19897,
        "estado": "Progreso",
        "completado": false,
        "fecha_de_creacion": "2014-12-02",
        "hora_de_vencimiento": "00:03:03",
        "proyecto": 22,
        "creador": 6,
        "etiquetas": [
            2,
            19,
            29
        ]
    }
},
{
    "model": "Gestor.tarea",
    "pk": 22,
    "fields": {
        "titulo": "Usually compare name game month management. Cup well recently contain full issue job.\nEnvironmental night poor shoulder. I remain theory common rule.",
        "descripcion": "Able certain cup born. Test country blood peace. Main commercial about wife.\nPiece maybe play any marriage child food laugh.\nTechnology no value enter whether also. Husband land guy everyone.",
        "prioridad": -2553,
        "estado": "Pendiente",
        "completado": false,
        "fecha_de_creacion": "1986-01-07",
        "hora_de_vencimiento": "04:34:15",
        "proyecto": 23,
        "creador": 4,
        "etiquetas": [
            12,
            17,
            19,
            20,
            21,
            22,
            30
        ]
    }
},
{
    "model": "Gestor.tarea",
    "pk": 23,
    "fields": {
        "titulo": "Rich down Mrs information huge four career. Brother difference not.\nMe finish find himself leave score. Character ago purpose while red can article. Author cup shoulder but.",
        "descripcion": "Scientist threat common kitchen subject join. Large thousand defense serve away finally. Here bed month feel bed.",
        "prioridad": 24938,
        "estado": "Completada",
        "completado": false,
        "fecha_de_creacion": "1974-06-18",
        "hora_de_vencimiento": "01:38:56",
        "proyecto": 13,
        "creador": 14,
        "etiquetas": [
            28,
            30
        ]
    }
},
{
    "model": "Gestor.tarea",
    "pk": 24,
    "fields": {
        "titulo": "Pm national reality. Win wall indicate note size. Help for here morning street dinner month.",
        "descripcion": "Back position message break what. Civil painting miss.\nMinute want particularly clearly most concern report.",
        "prioridad": 24688,
        "estado": "Pendiente",
        "completado": true,
        "fecha_de_creacion": "2024-01-01",
        "hora_de_vencimiento": "10:50:53",
        "proyecto": 1,
        "creador": 1,
        "etiquetas": [
            8,
            12,
            15,
            19,
            20,
            27
        ]
    }
},
{
    "model": "Gestor.tarea",
    "pk": 25,
    "fields": {
        "titulo": "Shake career story partner skin fine. Cut professor develop.\nUpon nor again resource star property. To number easy none.",
        "descripcion": "Laugh military it. Who truth relate accept people amount. Side head various especially. Although should among again nation table low.\nPast and close dinner per to. However feel that bed quality.",
        "prioridad": -14248,
        "estado": "Progreso",
        "completado": false,
        "fecha_de_creacion": "1999-04-19",
        "hora_de_vencimiento": "15:17:30",
        "proyecto": 3,
        "creador": 14,
        "etiquetas": [
            6,
            21
        ]
    }
},
{
    "model": "Gestor.tarea",
    "pk": 26,
    "fields": {
        "titulo": "Every tree create consider read good. Various may already feeling project.\nHand building leg.\nEveryone window discover.",
        "descripcion": "Sign dark happy performance everything game film. Feel six simple arrive necessary to key. World thought training miss paper side accept.",
        "prioridad": -13855,
        "estado": "Pendiente",
        "completado": false,
        "fecha_de_creacion": "1984-01-23",
        "hora_de_vencimiento": "08:46:26",
        "proyecto": 25,
        "creador": 23,
        "etiquetas": [
            1,
            6,
            11,
            16
        ]
    }
},
{
    "model": "Gestor.tarea",
    "pk": 27,
    "fields": {
        "titulo": "Two along late. Full think around. Type live Republican.\nTree remember reveal worry Mrs mouth others.\nNothing police practice size late.",
        "descripcion": "Movie affect now network stand site southern. Fall moment week individual still. Choose scene quite.\nProfessional time strategy believe floor imagine one. Way understand grow across.",
        "prioridad": 12401,
        "estado": "Progreso",
        "completado": true,
        "fecha_de_creacion": "1984-11-17",
        "hora_de_vencimiento": "15:53:12",
        "proyecto": 6,
        "creador": 29,
        "etiquetas": [
            5,
            10,
            13,
            16,
            17,
            27,
            29
        ]
    }
},
{
    "model": "Gestor.tarea",
    "pk": 28,
    "fields": {
        "titulo": "Must clear different themselves account others. Recognize election capital support inside themselves.",
        "descripcion": "Her action movement how quickly read. Make early bad boy beat majority Mrs.\nOthers example another.\nWatch argue language blue. Amount social be baby effect spring player.",
        "prioridad": 31925,
        "estado": "Progreso",
        "completado": false,
        "fecha_de_creacion": "2004-11-06",
        "hora_de_vencimiento": "09:36:50",
        "proyecto": 12,
        "creador": 8,
        "etiquetas": [
            5,
            7,
            14,
            21,
            25
        ]
    }
},
{
    "model": "Gestor.tarea",
    "pk": 29,
    "fields": {
        "titulo": "After itself partner left identify either.\nBehavior share investment value medical dream. College hotel candidate team quite return. Do certainly easy itself total whose.",
        "descripcion": "Perhaps ever adult idea material white stop. Common else discuss.\nWide base movement. Fact future public detail talk catch.\nSmile nice peace cause grow loss enter. Tv ten significant contain hundred.",
        "prioridad": -26338,
        "estado": "Completada",
        "completado": false,
        "fecha_de_creacion": "2022-05-17",
        "hora_de_vencimiento": "13:59:08",
        "proyecto": 5,
        "creador": 30,
        "etiquetas": [
            5,
            8,
            9,
            10
        ]
    }
},
{
    "model": "Gestor.tarea",
    "pk": 30,
    "fields": {
        "titulo": "Positive listen night available choice red course. Season should try though wait.\nAfter conference see law physical win nothing indeed. Protect first oil full should.",
        "descripcion": "Car start general low pick certainly population. Note president stock. Significant happy history.\nTest now success nothing church evening. Determine hard relationship.",
        "prioridad": 1987,
        "estado": "Progreso",
        "completado": true,
        "fecha_de_creacion": "1989-11-02",
        "hora_de_vencimiento": "14:05:08",
        "proyecto": 10,
        "creador": 18,
        "etiquetas": [
            7,
            11,
            16,
            17,
            24,
            27
        ]
    }
},
{
    "model": "Gestor.asignaciondetarea",
    "pk": 1,
    "fields": {
        "tarea": 1,
        "usuario": 14,
        "observaciones": "",
        "fecha_de_asignacion": "2024-10-12T16:27:56.444"
    }
},
{
    "model": "Gestor.asignaciondetarea",
    "pk": 2,
    "fields": {
        "tarea": 2,
        "usuario": 1,
        "observaciones": "",
        "fecha_de_asignacion": "2024-10-12T16:27:56.452"
    }
},
{
    "model": "Gestor.asignaciondetarea",
    "pk": 3,
    "fields": {
        "tarea": 2,
        "usuario": 25,
        "observaciones": "",
        "fecha_de_asignacion": "2024-10-12T16:27:56.453"
    }
},
{
    "model": "Gestor.asignaciondetarea",
    "pk": 4,
    "fields": {
        "tarea": 2,
        "usuario": 6,
        "observaciones": "",
        "fecha_de_asignacion": "2024-10-12T16:27:56.453"
    }
},
{
    "model": "Gestor.asignaciondetarea",
    "pk": 5,
    "fields": {
        "tarea": 2,
        "usuario": 22,
        "observaciones": "",
        "fecha_de_asignacion": "2024-10-12T16:27:56.454"
    }
},
{
    "model": "Gestor.asignaciondetarea",
    "pk": 6,
    "fields": {
        "tarea": 2,
        "usuario": 2,
        "observaciones": "",
        "fecha_de_asignacion": "2024-10-12T16:27:56.455"
    }
},
{
    "model": "Gestor.asignaciondetarea",
    "pk": 7,
    "fields": {
        "tarea": 2,
        "usuario": 13,
        "observaciones": "",
        "fecha_de_asignacion": "2024-10-12T16:27:56.455"
    }
},
{
    "model": "Gestor.asignaciondetarea",
    "pk": 8,
    "fields": {
        "tarea": 3,
        "usuario": 10,
        "observaciones": "",
        "fecha_de_asignacion": "2024-10-12T16:27:56.460"
    }
},
{
    "model": "Gestor.asignaciondetarea",
    "pk": 9,
    "fields": {
        "tarea": 3,
        "usuario": 7,
        "observaciones": "",
        "fecha_de_asignacion": "2024-10-12T16:27:56.461"
    }
},
{
    "model": "Gestor.asignaciondetarea",
    "pk": 10,
    "fields": {
        "tarea": 3,
        "usuario": 18,
        "observaciones": "",
        "fecha_de_asignacion": "2024-10-12T16:27:56.461"
    }
},
{
    "model": "Gestor.asignaciondetarea",
    "pk": 11,
    "fields": {
        "tarea": 3,
        "usuario": 3,
        "observaciones": "",
        "fecha_de_asignacion": "2024-10-12T16:27:56.462"
    }
},
{
    "model": "Gestor.asignaciondetarea",
    "pk": 12,
    "fields": {
        "tarea": 3,
        "usuario": 6,
        "observaciones": "",
        "fecha_de_asignacion": "2024-10-12T16:27:56.462"
    }
},
{
    "model": "Gestor.asignaciondetarea",
    "pk": 13,
    "fields": {
        "tarea": 4,
        "usuario": 24,
        "observaciones": "",
        "fecha_de_asignacion": "2024-10-12T16:27:56.468"
    }
},
{
    "model": "Gestor.asignaciondetarea",
    "pk": 14,
    "fields": {
        "tarea": 4,
        "usuario": 29,
        "observaciones": "",
        "fecha_de_asignacion": "2024-10-12T16:27:56.469"
    }
},
{
    "model": "Gestor.asignaciondetarea",
    "pk": 15,
    "fields": {
        "tarea": 5,
        "usuario": 26,
        "observaciones": "",
        "fecha_de_asignacion": "2024-10-12T16:27:56.473"
    }
},
{
    "model": "Gestor.asignaciondetarea",
    "pk": 16,
    "fields": {
        "tarea": 5,
        "usuario": 10,
        "observaciones": "",
        "fecha_de_asignacion": "2024-10-12T16:27:56.474"
    }
},
{
    "model": "Gestor.asignaciondetarea",
    "pk": 17,
    "fields": {
        "tarea": 6,
        "usuario": 20,
        "observaciones": "",
        "fecha_de_asignacion": "2024-10-12T16:27:56.479"
    }
},
{
    "model": "Gestor.asignaciondetarea",
    "pk": 18,
    "fields": {
        "tarea": 6,
        "usuario": 23,
        "observaciones": "",
        "fecha_de_asignacion": "2024-10-12T16:27:56.479"
    }
},
{
    "model": "Gestor.asignaciondetarea",
    "pk": 19,
    "fields": {
        "tarea": 6,
        "usuario": 1,
        "observaciones": "",
        "fecha_de_asignacion": "2024-10-12T16:27:56.480"
    }
},
{
    "model": "Gestor.asignaciondetarea",
    "pk": 20,
    "fields": {
        "tarea": 6,
        "usuario": 27,
        "observaciones": "",
        "fecha_de_asignacion": "2024-10-12T16:27:56.480"
    }
},
{
    "model": "Gestor.asignaciondetarea",
    "pk": 21,
    "fields": {
        "tarea": 6,
        "usuario": 8,
        "observaciones": "",
        "fecha_de_asignacion": "2024-10-12T16:27:56.481"
    }
},
{
    "model": "Gestor.asignaciondetarea",
    "pk": 22,
    "fields": {
        "tarea": 7,
        "usuario": 20,
        "observaciones": "",
        "fecha_de_asignacion": "2024-10-12T16:27:56.486"
    }
},
{
    "model": "Gestor.asignaciondetarea",
    "pk": 23,
    "fields": {
        "tarea": 7,
        "usuario": 29,
        "observaciones": "",
        "fecha_de_asignacion": "2024-10-12T16:27:56.487"
    }
},
{
    "model": "Gestor.asignaciondetarea",
    "pk": 24,
    "fields": {
        "tarea": 7,
        "usuario": 19,
        "observaciones": "",
        "fecha_de_asignacion": "2024-10-12T16:27:56.487"
    }
},
{
    "model": "Gestor.asignaciondetarea",
    "pk": 25,
    "fields": {
        "tarea": 8,
        "usuario": 19,
        "observaciones": "",
        "fecha_de_asignacion": "2024-10-12T16:27:56.493"
    }
},
{
    "model": "Gestor.asignaciondetarea",
    "pk": 26,
    "fields": {
        "tarea": 8,
        "usuario": 21,
        "observaciones": "",
        "fecha_de_asignacion": "2024-10-12T16:27:56.494"
    }
},
{
    "model": "Gestor.asignaciondetarea",
    "pk": 27,
    "fields": {
        "tarea": 8,
        "usuario": 13,
        "observaciones": "",
        "fecha_de_asignacion": "2024-10-12T16:27:56.494"
    }
},
{
    "model": "Gestor.asignaciondetarea",
    "pk": 28,
    "fields": {
        "tarea": 9,
        "usuario": 12,
        "observaciones": "",
        "fecha_de_asignacion": "2024-10-12T16:27:56.501"
    }
},
{
    "model": "Gestor.asignaciondetarea",
    "pk": 29,
    "fields": {
        "tarea": 9,
        "usuario": 5,
        "observaciones": "",
        "fecha_de_asignacion": "2024-10-12T16:27:56.502"
    }
},
{
    "model": "Gestor.asignaciondetarea",
    "pk": 30,
    "fields": {
        "tarea": 9,
        "usuario": 26,
        "observaciones": "",
        "fecha_de_asignacion": "2024-10-12T16:27:56.503"
    }
},
{
    "model": "Gestor.asignaciondetarea",
    "pk": 31,
    "fields": {
        "tarea": 9,
        "usuario": 27,
        "observaciones": "",
        "fecha_de_asignacion": "2024-10-12T16:27:56.503"
    }
},
{
    "model": "Gestor.asignaciondetarea",
    "pk": 32,
    "fields": {
        "tarea": 10,
        "usuario": 4,
        "observaciones": "",
        "fecha_de_asignacion": "2024-10-12T16:27:56.509"
    }
},
{
    "model": "Gestor.asignaciondetarea",
    "pk": 33,
    "fields": {
        "tarea": 10,
        "usuario": 7,
        "observaciones": "",
        "fecha_de_asignacion": "2024-10-12T16:27:56.509"
    }
},
{
    "model": "Gestor.asignaciondetarea",
    "pk": 34,
    "fields": {
        "tarea": 10,
        "usuario": 15,
        "observaciones": "",
        "fecha_de_asignacion": "2024-10-12T16:27:56.510"
    }
},
{
    "model": "Gestor.asignaciondetarea",
    "pk": 35,
    "fields": {
        "tarea": 11,
        "usuario": 29,
        "observaciones": "",
        "fecha_de_asignacion": "2024-10-12T16:27:56.514"
    }
},
{
    "model": "Gestor.asignaciondetarea",
    "pk": 36,
    "fields": {
        "tarea": 11,
        "usuario": 24,
        "observaciones": "",
        "fecha_de_asignacion": "2024-10-12T16:27:56.515"
    }
},
{
    "model": "Gestor.asignaciondetarea",
    "pk": 37,
    "fields": {
        "tarea": 12,
        "usuario": 28,
        "observaciones": "",
        "fecha_de_asignacion": "2024-10-12T16:27:56.521"
    }
},
{
    "model": "Gestor.asignaciondetarea",
    "pk": 38,
    "fields": {
        "tarea": 12,
        "usuario": 19,
        "observaciones": "",
        "fecha_de_asignacion": "2024-10-12T16:27:56.522"
    }
},
{
    "model": "Gestor.asignaciondetarea",
    "pk": 39,
    "fields": {
        "tarea": 13,
        "usuario": 15,
        "observaciones": "",
        "fecha_de_asignacion": "2024-10-12T16:27:56.527"
    }
},
{
    "model": "Gestor.asignaciondetarea",
    "pk": 40,
    "fields": {
        "tarea": 13,
        "usuario": 28,
        "observaciones": "",
        "fecha_de_asignacion": "2024-10-12T16:27:56.528"
    }
},
{
    "model": "Gestor.asignaciondetarea",
    "pk": 41,
    "fields": {
        "tarea": 13,
        "usuario": 7,
        "observaciones": "",
        "fecha_de_asignacion": "2024-10-12T16:27:56.528"
    }
},
{
    "model": "Gestor.asignaciondetarea",
    "pk": 42,
    "fields": {
        "tarea": 13,
        "usuario": 2,
        "observaciones": "",
        "fecha_de_asignacion": "2024-10-12T16:27:56.529"
    }
},
{
    "model": "Gestor.asignaciondetarea",
    "pk": 43,
    "fields": {
        "tarea": 13,
        "usuario": 6,
        "observaciones": "",
        "fecha_de_asignacion": "2024-10-12T16:27:56.529"
    }
},
{
    "model": "Gestor.asignaciondetarea",
    "pk": 44,
    "fields": {
        "tarea": 14,
        "usuario": 21,
        "observaciones": "",
        "fecha_de_asignacion": "2024-10-12T16:27:56.537"
    }
},
{
    "model": "Gestor.asignaciondetarea",
    "pk": 45,
    "fields": {
        "tarea": 14,
        "usuario": 4,
        "observaciones": "",
        "fecha_de_asignacion": "2024-10-12T16:27:56.537"
    }
},
{
    "model": "Gestor.asignaciondetarea",
    "pk": 46,
    "fields": {
        "tarea": 14,
        "usuario": 19,
        "observaciones": "",
        "fecha_de_asignacion": "2024-10-12T16:27:56.538"
    }
},
{
    "model": "Gestor.asignaciondetarea",
    "pk": 47,
    "fields": {
        "tarea": 14,
        "usuario": 16,
        "observaciones": "",
        "fecha_de_asignacion": "2024-10-12T16:27:56.538"
    }
},
{
    "model": "Gestor.asignaciondetarea",
    "pk": 48,
    "fields": {
        "tarea": 14,
        "usuario": 17,
        "observaciones": "",
        "fecha_de_asignacion": "2024-10-12T16:27:56.539"
    }
},
{
    "model": "Gestor.asignaciondetarea",
    "pk": 49,
    "fields": {
        "tarea": 15,
        "usuario": 2,
        "observaciones": "",
        "fecha_de_asignacion": "2024-10-12T16:27:56.547"
    }
},
{
    "model": "Gestor.asignaciondetarea",
    "pk": 50,
    "fields": {
        "tarea": 15,
        "usuario": 6,
        "observaciones": "",
        "fecha_de_asignacion": "2024-10-12T16:27:56.547"
    }
},
{
    "model": "Gestor.asignaciondetarea",
    "pk": 51,
    "fields": {
        "tarea": 15,
        "usuario": 25,
        "observaciones": "",
        "fecha_de_asignacion": "2024-10-12T16:27:56.548"
    }
},
{
    "model": "Gestor.asignaciondetarea",
    "pk": 52,
    "fields": {
        "tarea": 15,
        "usuario": 21,
        "observaciones": "",
        "fecha_de_asignacion": "2024-10-12T16:27:56.549"
    }
},
{
    "model": "Gestor.asignaciondetarea",
    "pk": 53,
    "fields": {
        "tarea": 15,
        "usuario": 18,
        "observaciones": "",
        "fecha_de_asignacion": "2024-10-12T16:27:56.550"
    }
},
{
    "model": "Gestor.asignaciondetarea",
    "pk": 54,
    "fields": {
        "tarea": 15,
        "usuario": 28,
        "observaciones": "",
        "fecha_de_asignacion": "2024-10-12T16:27:56.550"
    }
},
{
    "model": "Gestor.asignaciondetarea",
    "pk": 55,
    "fields": {
        "tarea": 16,
        "usuario": 9,
        "observaciones": "",
        "fecha_de_asignacion": "2024-10-12T16:27:56.557"
    }
},
{
    "model": "Gestor.asignaciondetarea",
    "pk": 56,
    "fields": {
        "tarea": 16,
        "usuario": 24,
        "observaciones": "",
        "fecha_de_asignacion": "2024-10-12T16:27:56.558"
    }
},
{
    "model": "Gestor.asignaciondetarea",
    "pk": 57,
    "fields": {
        "tarea": 16,
        "usuario": 19,
        "observaciones": "",
        "fecha_de_asignacion": "2024-10-12T16:27:56.558"
    }
},
{
    "model": "Gestor.asignaciondetarea",
    "pk": 58,
    "fields": {
        "tarea": 16,
        "usuario": 15,
        "observaciones": "",
        "fecha_de_asignacion": "2024-10-12T16:27:56.559"
    }
},
{
    "model": "Gestor.asignaciondetarea",
    "pk": 59,
    "fields": {
        "tarea": 16,
        "usuario": 10,
        "observaciones": "",
        "fecha_de_asignacion": "2024-10-12T16:27:56.559"
    }
},
{
    "model": "Gestor.asignaciondetarea",
    "pk": 60,
    "fields": {
        "tarea": 16,
        "usuario": 14,
        "observaciones": "",
        "fecha_de_asignacion": "2024-10-12T16:27:56.560"
    }
},
{
    "model": "Gestor.asignaciondetarea",
    "pk": 61,
    "fields": {
        "tarea": 17,
        "usuario": 20,
        "observaciones": "",
        "fecha_de_asignacion": "2024-10-12T16:27:56.566"
    }
},
{
    "model": "Gestor.asignaciondetarea",
    "pk": 62,
    "fields": {
        "tarea": 17,
        "usuario": 30,
        "observaciones": "",
        "fecha_de_asignacion": "2024-10-12T16:27:56.566"
    }
},
{
    "model": "Gestor.asignaciondetarea",
    "pk": 63,
    "fields": {
        "tarea": 17,
        "usuario": 27,
        "observaciones": "",
        "fecha_de_asignacion": "2024-10-12T16:27:56.567"
    }
},
{
    "model": "Gestor.asignaciondetarea",
    "pk": 64,
    "fields": {
        "tarea": 18,
        "usuario": 23,
        "observaciones": "",
        "fecha_de_asignacion": "2024-10-12T16:27:56.573"
    }
},
{
    "model": "Gestor.asignaciondetarea",
    "pk": 65,
    "fields": {
        "tarea": 19,
        "usuario": 29,
        "observaciones": "",
        "fecha_de_asignacion": "2024-10-12T16:27:56.579"
    }
},
{
    "model": "Gestor.asignaciondetarea",
    "pk": 66,
    "fields": {
        "tarea": 19,
        "usuario": 14,
        "observaciones": "",
        "fecha_de_asignacion": "2024-10-12T16:27:56.580"
    }
},
{
    "model": "Gestor.asignaciondetarea",
    "pk": 67,
    "fields": {
        "tarea": 19,
        "usuario": 5,
        "observaciones": "",
        "fecha_de_asignacion": "2024-10-12T16:27:56.580"
    }
},
{
    "model": "Gestor.asignaciondetarea",
    "pk": 68,
    "fields": {
        "tarea": 19,
        "usuario": 28,
        "observaciones": "",
        "fecha_de_asignacion": "2024-10-12T16:27:56.581"
    }
},
{
    "model": "Gestor.asignaciondetarea",
    "pk": 69,
    "fields": {
        "tarea": 20,
        "usuario": 6,
        "observaciones": "",
        "fecha_de_asignacion": "2024-10-12T16:27:56.587"
    }
},
{
    "model": "Gestor.asignaciondetarea",
    "pk": 70,
    "fields": {
        "tarea": 20,
        "usuario": 16,
        "observaciones": "",
        "fecha_de_asignacion": "2024-10-12T16:27:56.588"
    }
},
{
    "model": "Gestor.asignaciondetarea",
    "pk": 71,
    "fields": {
        "tarea": 20,
        "usuario": 26,
        "observaciones": "",
        "fecha_de_asignacion": "2024-10-12T16:27:56.589"
    }
},
{
    "model": "Gestor.asignaciondetarea",
    "pk": 72,
    "fields": {
        "tarea": 20,
        "usuario": 29,
        "observaciones": "",
        "fecha_de_asignacion": "2024-10-12T16:27:56.589"
    }
},
{
    "model": "Gestor.asignaciondetarea",
    "pk": 73,
    "fields": {
        "tarea": 20,
        "usuario": 25,
        "observaciones": "",
        "fecha_de_asignacion": "2024-10-12T16:27:56.590"
    }
},
{
    "model": "Gestor.asignaciondetarea",
    "pk": 74,
    "fields": {
        "tarea": 20,
        "usuario": 19,
        "observaciones": "",
        "fecha_de_asignacion": "2024-10-12T16:27:56.590"
    }
},
{
    "model": "Gestor.asignaciondetarea",
    "pk": 75,
    "fields": {
        "tarea": 21,
        "usuario": 13,
        "observaciones": "",
        "fecha_de_asignacion": "2024-10-12T16:27:56.596"
    }
},
{
    "model": "Gestor.asignaciondetarea",
    "pk": 76,
    "fields": {
        "tarea": 21,
        "usuario": 19,
        "observaciones": "",
        "fecha_de_asignacion": "2024-10-12T16:27:56.597"
    }
},
{
    "model": "Gestor.asignaciondetarea",
    "pk": 77,
    "fields": {
        "tarea": 21,
        "usuario": 24,
        "observaciones": "",
        "fecha_de_asignacion": "2024-10-12T16:27:56.597"
    }
},
{
    "model": "Gestor.asignaciondetarea",
    "pk": 78,
    "fields": {
        "tarea": 22,
        "usuario": 7,
        "observaciones": "",
        "fecha_de_asignacion": "2024-10-12T16:27:56.602"
    }
},
{
    "model": "Gestor.asignaciondetarea",
    "pk": 79,
    "fields": {
        "tarea": 22,
        "usuario": 10,
        "observaciones": "",
        "fecha_de_asignacion": "2024-10-12T16:27:56.603"
    }
},
{
    "model": "Gestor.asignaciondetarea",
    "pk": 80,
    "fields": {
        "tarea": 23,
        "usuario": 10,
        "observaciones": "",
        "fecha_de_asignacion": "2024-10-12T16:27:56.611"
    }
},
{
    "model": "Gestor.asignaciondetarea",
    "pk": 81,
    "fields": {
        "tarea": 23,
        "usuario": 28,
        "observaciones": "",
        "fecha_de_asignacion": "2024-10-12T16:27:56.612"
    }
},
{
    "model": "Gestor.asignaciondetarea",
    "pk": 82,
    "fields": {
        "tarea": 23,
        "usuario": 14,
        "observaciones": "",
        "fecha_de_asignacion": "2024-10-12T16:27:56.612"
    }
},
{
    "model": "Gestor.asignaciondetarea",
    "pk": 83,
    "fields": {
        "tarea": 23,
        "usuario": 16,
        "observaciones": "",
        "fecha_de_asignacion": "2024-10-12T16:27:56.613"
    }
},
{
    "model": "Gestor.asignaciondetarea",
    "pk": 84,
    "fields": {
        "tarea": 23,
        "usuario": 24,
        "observaciones": "",
        "fecha_de_asignacion": "2024-10-12T16:27:56.613"
    }
},
{
    "model": "Gestor.asignaciondetarea",
    "pk": 85,
    "fields": {
        "tarea": 23,
        "usuario": 25,
        "observaciones": "",
        "fecha_de_asignacion": "2024-10-12T16:27:56.614"
    }
},
{
    "model": "Gestor.asignaciondetarea",
    "pk": 86,
    "fields": {
        "tarea": 24,
        "usuario": 11,
        "observaciones": "",
        "fecha_de_asignacion": "2024-10-12T16:27:56.620"
    }
},
{
    "model": "Gestor.asignaciondetarea",
    "pk": 87,
    "fields": {
        "tarea": 24,
        "usuario": 25,
        "observaciones": "",
        "fecha_de_asignacion": "2024-10-12T16:27:56.620"
    }
},
{
    "model": "Gestor.asignaciondetarea",
    "pk": 88,
    "fields": {
        "tarea": 24,
        "usuario": 18,
        "observaciones": "",
        "fecha_de_asignacion": "2024-10-12T16:27:56.621"
    }
},
{
    "model": "Gestor.asignaciondetarea",
    "pk": 89,
    "fields": {
        "tarea": 25,
        "usuario": 16,
        "observaciones": "",
        "fecha_de_asignacion": "2024-10-12T16:27:56.627"
    }
},
{
    "model": "Gestor.asignaciondetarea",
    "pk": 90,
    "fields": {
        "tarea": 25,
        "usuario": 1,
        "observaciones": "",
        "fecha_de_asignacion": "2024-10-12T16:27:56.628"
    }
},
{
    "model": "Gestor.asignaciondetarea",
    "pk": 91,
    "fields": {
        "tarea": 25,
        "usuario": 3,
        "observaciones": "",
        "fecha_de_asignacion": "2024-10-12T16:27:56.629"
    }
},
{
    "model": "Gestor.asignaciondetarea",
    "pk": 92,
    "fields": {
        "tarea": 26,
        "usuario": 13,
        "observaciones": "",
        "fecha_de_asignacion": "2024-10-12T16:27:56.634"
    }
},
{
    "model": "Gestor.asignaciondetarea",
    "pk": 93,
    "fields": {
        "tarea": 26,
        "usuario": 5,
        "observaciones": "",
        "fecha_de_asignacion": "2024-10-12T16:27:56.635"
    }
},
{
    "model": "Gestor.asignaciondetarea",
    "pk": 94,
    "fields": {
        "tarea": 26,
        "usuario": 1,
        "observaciones": "",
        "fecha_de_asignacion": "2024-10-12T16:27:56.635"
    }
},
{
    "model": "Gestor.asignaciondetarea",
    "pk": 95,
    "fields": {
        "tarea": 27,
        "usuario": 3,
        "observaciones": "",
        "fecha_de_asignacion": "2024-10-12T16:27:56.643"
    }
},
{
    "model": "Gestor.asignaciondetarea",
    "pk": 96,
    "fields": {
        "tarea": 27,
        "usuario": 26,
        "observaciones": "",
        "fecha_de_asignacion": "2024-10-12T16:27:56.643"
    }
},
{
    "model": "Gestor.asignaciondetarea",
    "pk": 97,
    "fields": {
        "tarea": 27,
        "usuario": 5,
        "observaciones": "",
        "fecha_de_asignacion": "2024-10-12T16:27:56.644"
    }
},
{
    "model": "Gestor.asignaciondetarea",
    "pk": 98,
    "fields": {
        "tarea": 27,
        "usuario": 1,
        "observaciones": "",
        "fecha_de_asignacion": "2024-10-12T16:27:56.644"
    }
},
{
    "model": "Gestor.asignaciondetarea",
    "pk": 99,
    "fields": {
        "tarea": 27,
        "usuario": 15,
        "observaciones": "",
        "fecha_de_asignacion": "2024-10-12T16:27:56.645"
    }
},
{
    "model": "Gestor.asignaciondetarea",
    "pk": 100,
    "fields": {
        "tarea": 27,
        "usuario": 20,
        "observaciones": "",
        "fecha_de_asignacion": "2024-10-12T16:27:56.645"
    }
},
{
    "model": "Gestor.asignaciondetarea",
    "pk": 101,
    "fields": {
        "tarea": 27,
        "usuario": 27,
        "observaciones": "",
        "fecha_de_asignacion": "2024-10-12T16:27:56.646"
    }
},
{
    "model": "Gestor.asignaciondetarea",
    "pk": 102,
    "fields": {
        "tarea": 28,
        "usuario": 9,
        "observaciones": "",
        "fecha_de_asignacion": "2024-10-12T16:27:56.653"
    }
},
{
    "model": "Gestor.asignaciondetarea",
    "pk": 103,
    "fields": {
        "tarea": 28,
        "usuario": 19,
        "observaciones": "",
        "fecha_de_asignacion": "2024-10-12T16:27:56.654"
    }
},
{
    "model": "Gestor.asignaciondetarea",
    "pk": 104,
    "fields": {
        "tarea": 28,
        "usuario": 7,
        "observaciones": "",
        "fecha_de_asignacion": "2024-10-12T16:27:56.655"
    }
},
{
    "model": "Gestor.asignaciondetarea",
    "pk": 105,
    "fields": {
        "tarea": 28,
        "usuario": 11,
        "observaciones": "",
        "fecha_de_asignacion": "2024-10-12T16:27:56.655"
    }
},
{
    "model": "Gestor.asignaciondetarea",
    "pk": 106,
    "fields": {
        "tarea": 28,
        "usuario": 15,
        "observaciones": "",
        "fecha_de_asignacion": "2024-10-12T16:27:56.656"
    }
},
{
    "model": "Gestor.asignaciondetarea",
    "pk": 107,
    "fields": {
        "tarea": 28,
        "usuario": 6,
        "observaciones": "",
        "fecha_de_asignacion": "2024-10-12T16:27:56.656"
    }
},
{
    "model": "Gestor.asignaciondetarea",
    "pk": 108,
    "fields": {
        "tarea": 29,
        "usuario": 13,
        "observaciones": "",
        "fecha_de_asignacion": "2024-10-12T16:27:56.664"
    }
},
{
    "model": "Gestor.asignaciondetarea",
    "pk": 109,
    "fields": {
        "tarea": 29,
        "usuario": 14,
        "observaciones": "",
        "fecha_de_asignacion": "2024-10-12T16:27:56.664"
    }
},
{
    "model": "Gestor.asignaciondetarea",
    "pk": 110,
    "fields": {
        "tarea": 29,
        "usuario": 6,
        "observaciones": "",
        "fecha_de_asignacion": "2024-10-12T16:27:56.665"
    }
},
{
    "model": "Gestor.asignaciondetarea",
    "pk": 111,
    "fields": {
        "tarea": 29,
        "usuario": 26,
        "observaciones": "",
        "fecha_de_asignacion": "2024-10-12T16:27:56.665"
    }
},
{
    "model": "Gestor.asignaciondetarea",
    "pk": 112,
    "fields": {
        "tarea": 29,
        "usuario": 24,
        "observaciones": "",
        "fecha_de_asignacion": "2024-10-12T16:27:56.666"
    }
},
{
    "model": "Gestor.asignaciondetarea",
    "pk": 113,
    "fields": {
        "tarea": 29,
        "usuario": 25,
        "observaciones": "",
        "fecha_de_asignacion": "2024-10-12T16:27:56.667"
    }
},
{
    "model": "Gestor.asignaciondetarea",
    "pk": 114,
    "fields": {
        "tarea": 30,
        "usuario": 4,
        "observaciones": "",
        "fecha_de_asignacion": "2024-10-12T16:27:56.672"
    }
},
{
    "model": "Gestor.asignaciondetarea",
    "pk": 115,
    "fields": {
        "tarea": 3,
        "usuario": 5,
        "observaciones": "Minute and point population buy together. Bring say approach star. Mean kind along ever notice feeling option my.",
        "fecha_de_asignacion": "2024-10-12T16:27:56.219"
    }
},
{
    "model": "Gestor.asignaciondetarea",
    "pk": 116,
    "fields": {
        "tarea": 19,
        "usuario": 26,
        "observaciones": "Simply one real. Truth play career pass remain stand three. Herself director head class individual campaign next weight.",
        "fecha_de_asignacion": "2024-10-12T16:27:56.219"
    }
},
{
    "model": "Gestor.asignaciondetarea",
    "pk": 117,
    "fields": {
        "tarea": 5,
        "usuario": 18,
        "observaciones": "Job natural source clearly TV former many. Woman blue nor among seem seem hit. Certain always factor camera deal.\nBusiness right color customer purpose. Dream response nice see factor state trip.",
        "fecha_de_asignacion": "2024-10-12T16:27:56.219"
    }
},
{
    "model": "Gestor.asignaciondetarea",
    "pk": 118,
    "fields": {
        "tarea": 22,
        "usuario": 17,
        "observaciones": "Structure party blood police history together. Hundred brother artist teach bank. Brother student world single mother today.",
        "fecha_de_asignacion": "2024-10-12T16:27:56.219"
    }
},
{
    "model": "Gestor.asignaciondetarea",
    "pk": 119,
    "fields": {
        "tarea": 9,
        "usuario": 12,
        "observaciones": "Current although foreign way. Few his theory human.\nWhile just agreement ahead respond green. Best another five artist allow individual offer describe.\nCourt office something good.",
        "fecha_de_asignacion": "2024-10-12T16:27:56.219"
    }
},
{
    "model": "Gestor.asignaciondetarea",
    "pk": 120,
    "fields": {
        "tarea": 11,
        "usuario": 29,
        "observaciones": "Community mind feel dog box. Heavy police wall strategy six officer prevent.\nBoard he who seek something your. Everyone down protect city say. Not exist economic heart care.",
        "fecha_de_asignacion": "2024-10-12T16:27:56.219"
    }
},
{
    "model": "Gestor.asignaciondetarea",
    "pk": 121,
    "fields": {
        "tarea": 6,
        "usuario": 17,
        "observaciones": "Indeed believe card consumer might investment herself. Reduce simply dark east effect.\nSon strong life. Ball leg sea he pull writer project affect. Soldier entire health mouth company.",
        "fecha_de_asignacion": "2024-10-12T16:27:56.219"
    }
},
{
    "model": "Gestor.asignaciondetarea",
    "pk": 122,
    "fields": {
        "tarea": 30,
        "usuario": 16,
        "observaciones": "Want wear unit low vote enjoy. Record indeed science know appear. Century audience decade suffer cause.\nSense into side challenge she. Enough idea shoulder me activity soldier.",
        "fecha_de_asignacion": "2024-10-12T16:27:56.219"
    }
},
{
    "model": "Gestor.asignaciondetarea",
    "pk": 123,
    "fields": {
        "tarea": 12,
        "usuario": 26,
        "observaciones": "Pm impact same idea. Hospital natural ten. Summer yard a.\nTerm now piece head. Available here accept including fill home.\nDevelopment quality political short seem yeah politics. Read resource great.",
        "fecha_de_asignacion": "2024-10-12T16:27:56.219"
    }
},
{
    "model": "Gestor.asignaciondetarea",
    "pk": 124,
    "fields": {
        "tarea": 9,
        "usuario": 16,
        "observaciones": "Contain edge near green natural executive message. Hold create enough rock. Very player simply fight trade own if.",
        "fecha_de_asignacion": "2024-10-12T16:27:56.219"
    }
},
{
    "model": "Gestor.asignaciondetarea",
    "pk": 125,
    "fields": {
        "tarea": 24,
        "usuario": 30,
        "observaciones": "Rock either other need inside we especially. Culture walk sister I town conference. Able if culture company word expert different.",
        "fecha_de_asignacion": "2024-10-12T16:27:56.219"
    }
},
{
    "model": "Gestor.asignaciondetarea",
    "pk": 126,
    "fields": {
        "tarea": 25,
        "usuario": 28,
        "observaciones": "Edge develop food pick recognize scientist. Question worker child few college.\nOther his herself teach still. Remain big meet quite. Our happen really deep their police defense.",
        "fecha_de_asignacion": "2024-10-12T16:27:56.219"
    }
},
{
    "model": "Gestor.asignaciondetarea",
    "pk": 127,
    "fields": {
        "tarea": 10,
        "usuario": 16,
        "observaciones": "Reason important than stuff hour carry edge. Couple deep not paper fine investment mission amount.\nTax say music range do. Husband upon southern writer special service.",
        "fecha_de_asignacion": "2024-10-12T16:27:56.219"
    }
},
{
    "model": "Gestor.asignaciondetarea",
    "pk": 128,
    "fields": {
        "tarea": 4,
        "usuario": 3,
        "observaciones": "Keep these respond near read no Congress. Street those national research professional attorney do wonder. Most else subject gas wish before.",
        "fecha_de_asignacion": "2024-10-12T16:27:56.219"
    }
},
{
    "model": "Gestor.asignaciondetarea",
    "pk": 129,
    "fields": {
        "tarea": 16,
        "usuario": 19,
        "observaciones": "Management character rule source. Ask less religious quite program since contain son. Soon walk task event. Then southern develop admit event.",
        "fecha_de_asignacion": "2024-10-12T16:27:56.219"
    }
},
{
    "model": "Gestor.asignaciondetarea",
    "pk": 130,
    "fields": {
        "tarea": 16,
        "usuario": 2,
        "observaciones": "About truth amount receive. Person we seven. Place view question. Rise threat forward physical plant data development.",
        "fecha_de_asignacion": "2024-10-12T16:27:56.219"
    }
},
{
    "model": "Gestor.asignaciondetarea",
    "pk": 131,
    "fields": {
        "tarea": 16,
        "usuario": 20,
        "observaciones": "Experience play song direction card off decide.\nPrepare ago company finish question start. These financial work despite eight school knowledge.",
        "fecha_de_asignacion": "2024-10-12T16:27:56.219"
    }
},
{
    "model": "Gestor.asignaciondetarea",
    "pk": 132,
    "fields": {
        "tarea": 22,
        "usuario": 10,
        "observaciones": "Network toward Republican single culture theory tell. Reality director special test rich start new shoulder.",
        "fecha_de_asignacion": "2024-10-12T16:27:56.219"
    }
},
{
    "model": "Gestor.asignaciondetarea",
    "pk": 133,
    "fields": {
        "tarea": 17,
        "usuario": 29,
        "observaciones": "A into federal cultural his only. Girl stuff into half produce. Other national reflect start.\nConsumer threat dinner environment cover. Law into care image. Every rock star class.",
        "fecha_de_asignacion": "2024-10-12T16:27:56.219"
    }
},
{
    "model": "Gestor.asignaciondetarea",
    "pk": 134,
    "fields": {
        "tarea": 3,
        "usuario": 25,
        "observaciones": "Success oil Republican if need. Edge short daughter old event story administration. Certain song remain quality.\nWorld now safe say let. Floor attention owner.",
        "fecha_de_asignacion": "2024-10-12T16:27:56.219"
    }
},
{
    "model": "Gestor.asignaciondetarea",
    "pk": 135,
    "fields": {
        "tarea": 7,
        "usuario": 11,
        "observaciones": "Cold pass safe test performance stage pass. Study like instead something step.\nLow today usually amount but. Much eat until opportunity. Too administration Congress teacher.",
        "fecha_de_asignacion": "2024-10-12T16:27:56.219"
    }
},
{
    "model": "Gestor.asignaciondetarea",
    "pk": 136,
    "fields": {
        "tarea": 10,
        "usuario": 3,
        "observaciones": "Chance between question voice. Hope fall effect. Fear section base thank tree score piece.\nMy computer mouth. Husband fall entire single. Age large can state technology score real.",
        "fecha_de_asignacion": "2024-10-12T16:27:56.219"
    }
},
{
    "model": "Gestor.asignaciondetarea",
    "pk": 137,
    "fields": {
        "tarea": 11,
        "usuario": 15,
        "observaciones": "Hundred even available create. Why song worry. Rest rest under great material type. Tv quality simple eye energy this.",
        "fecha_de_asignacion": "2024-10-12T16:27:56.219"
    }
},
{
    "model": "Gestor.asignaciondetarea",
    "pk": 138,
    "fields": {
        "tarea": 11,
        "usuario": 19,
        "observaciones": "Provide growth century mean. Note rather beat. Five continue economic wonder recognize ask special.",
        "fecha_de_asignacion": "2024-10-12T16:27:56.219"
    }
},
{
    "model": "Gestor.asignaciondetarea",
    "pk": 139,
    "fields": {
        "tarea": 16,
        "usuario": 7,
        "observaciones": "Many create open.\nOil a there rather better same. Provide after available argue everyone man.",
        "fecha_de_asignacion": "2024-10-12T16:27:56.219"
    }
},
{
    "model": "Gestor.asignaciondetarea",
    "pk": 140,
    "fields": {
        "tarea": 28,
        "usuario": 23,
        "observaciones": "Certain fight arrive whatever room. Age before miss billion use record condition.\nArtist home assume can final with. Including general foreign we east phone. Yourself do wear responsibility.",
        "fecha_de_asignacion": "2024-10-12T16:27:56.219"
    }
},
{
    "model": "Gestor.asignaciondetarea",
    "pk": 141,
    "fields": {
        "tarea": 21,
        "usuario": 18,
        "observaciones": "Husband ok system white. The behavior author movie economic road treat. Often fund both sign cup customer. Tell person stuff two.",
        "fecha_de_asignacion": "2024-10-12T16:27:56.219"
    }
},
{
    "model": "Gestor.asignaciondetarea",
    "pk": 142,
    "fields": {
        "tarea": 26,
        "usuario": 15,
        "observaciones": "Her field culture work resource. Thing daughter control clear physical.\nTheory score recent pressure. Executive rock political wrong.",
        "fecha_de_asignacion": "2024-10-12T16:27:56.219"
    }
},
{
    "model": "Gestor.asignaciondetarea",
    "pk": 143,
    "fields": {
        "tarea": 22,
        "usuario": 8,
        "observaciones": "Reveal same goal go up stand bring. Bring indicate sometimes wish firm work. Power increase art glass.\nStructure free federal ready world describe explain.",
        "fecha_de_asignacion": "2024-10-12T16:27:56.219"
    }
},
{
    "model": "Gestor.asignaciondetarea",
    "pk": 144,
    "fields": {
        "tarea": 18,
        "usuario": 5,
        "observaciones": "Age build order bag. Free adult pass long through. Hear turn though.\nTonight government account appear ball natural. Child say never after miss.",
        "fecha_de_asignacion": "2024-10-12T16:27:56.219"
    }
},
{
    "model": "Gestor.comentario",
    "pk": 1,
    "fields": {
        "contenido": "Situation fact hospital international without watch example. Democrat dinner TV animal determine. Ball project four woman second during whose.",
        "fecha_de_comentario": "2024-10-12T16:27:56.219",
        "autor": 4,
        "tarea": 3
    }
},
{
    "model": "Gestor.comentario",
    "pk": 2,
    "fields": {
        "contenido": "Threat leave investment yet month his do board. Medical these brother blue hospital fight cause.\nInterest style chair until statement. Stuff management what.",
        "fecha_de_comentario": "2024-10-12T16:27:56.219",
        "autor": 12,
        "tarea": 11
    }
},
{
    "model": "Gestor.comentario",
    "pk": 3,
    "fields": {
        "contenido": "Should executive southern magazine style might. Action yourself service scientist. Situation floor environmental two both here yes.\nGood more film. Why give artist have. Sense even through kitchen.",
        "fecha_de_comentario": "2024-10-12T16:27:56.219",
        "autor": 3,
        "tarea": 9
    }
},
{
    "model": "Gestor.comentario",
    "pk": 4,
    "fields": {
        "contenido": "Statement blue quickly arm soldier economic hear. Food word be free. My price front agent until member.\nWalk general relationship form.",
        "fecha_de_comentario": "2024-10-12T16:27:56.219",
        "autor": 9,
        "tarea": 15
    }
},
{
    "model": "Gestor.comentario",
    "pk": 5,
    "fields": {
        "contenido": "Media suddenly east list seven remember me. Degree management themselves. Watch world safe wall amount break far. Together design artist.",
        "fecha_de_comentario": "2024-10-12T16:27:56.219",
        "autor": 16,
        "tarea": 28
    }
},
{
    "model": "Gestor.comentario",
    "pk": 6,
    "fields": {
        "contenido": "Research away live significant house not garden three.\nWhile lose have require. Animal wind half science. Long explain machine about his seat.",
        "fecha_de_comentario": "2024-10-12T16:27:56.219",
        "autor": 9,
        "tarea": 16
    }
},
{
    "model": "Gestor.comentario",
    "pk": 7,
    "fields": {
        "contenido": "Between skill give drive.\nLose someone each choose structure your. Seven by police election executive.\nChoice bad black morning worry. Citizen full growth.",
        "fecha_de_comentario": "2024-10-12T16:27:56.219",
        "autor": 20,
        "tarea": 29
    }
},
{
    "model": "Gestor.comentario",
    "pk": 8,
    "fields": {
        "contenido": "Radio memory clear big.\nConcern never heavy discover great describe apply top. Whatever floor go at. Apply property prevent because garden character political.",
        "fecha_de_comentario": "2024-10-12T16:27:56.219",
        "autor": 28,
        "tarea": 29
    }
},
{
    "model": "Gestor.comentario",
    "pk": 9,
    "fields": {
        "contenido": "Reality medical head soon turn everybody able.\nTalk drug suffer paper today family doctor. You break population show population.",
        "fecha_de_comentario": "2024-10-12T16:27:56.219",
        "autor": 6,
        "tarea": 16
    }
},
{
    "model": "Gestor.comentario",
    "pk": 10,
    "fields": {
        "contenido": "Drop account long morning make bad rest. About site there attorney crime among simply consumer. Think wish charge everything doctor.",
        "fecha_de_comentario": "2024-10-12T16:27:56.219",
        "autor": 19,
        "tarea": 26
    }
},
{
    "model": "Gestor.comentario",
    "pk": 11,
    "fields": {
        "contenido": "Better him phone with.\nCapital cold sign plant later firm. Range approach necessary art word.",
        "fecha_de_comentario": "2024-10-12T16:27:56.219",
        "autor": 30,
        "tarea": 5
    }
},
{
    "model": "Gestor.comentario",
    "pk": 12,
    "fields": {
        "contenido": "Fine focus never again. Movie none natural report several weight employee baby. Nation per window truth help rock hotel.",
        "fecha_de_comentario": "2024-10-12T16:27:56.219",
        "autor": 7,
        "tarea": 24
    }
},
{
    "model": "Gestor.comentario",
    "pk": 13,
    "fields": {
        "contenido": "Few want soon growth. Worker must professional watch health never everybody. Hot morning pressure no accept most middle recently.\nTerm power though smile employee hand. Seven study reflect human.",
        "fecha_de_comentario": "2024-10-12T16:27:56.219",
        "autor": 8,
        "tarea": 2
    }
},
{
    "model": "Gestor.comentario",
    "pk": 14,
    "fields": {
        "contenido": "Prove water join onto wide might. Sometimes outside term test pass popular consider agent.\nFirst policy production cold there. Line dog expect happen. Peace together property thought.",
        "fecha_de_comentario": "2024-10-12T16:27:56.219",
        "autor": 25,
        "tarea": 18
    }
},
{
    "model": "Gestor.comentario",
    "pk": 15,
    "fields": {
        "contenido": "Election compare west fill. Want pick bill test he enough four admit.\nStandard order local. Argue where section spend area no single.",
        "fecha_de_comentario": "2024-10-12T16:27:56.219",
        "autor": 9,
        "tarea": 7
    }
},
{
    "model": "Gestor.comentario",
    "pk": 16,
    "fields": {
        "contenido": "Way effect audience example. Suggest artist particularly born address.",
        "fecha_de_comentario": "2024-10-12T16:27:56.219",
        "autor": 5,
        "tarea": 27
    }
},
{
    "model": "Gestor.comentario",
    "pk": 17,
    "fields": {
        "contenido": "Reason take media power traditional job. Time take kitchen course recent allow.",
        "fecha_de_comentario": "2024-10-12T16:27:56.219",
        "autor": 29,
        "tarea": 20
    }
},
{
    "model": "Gestor.comentario",
    "pk": 18,
    "fields": {
        "contenido": "Choose realize simply off old end. Together bill provide listen for newspaper. Her hear even focus.\nTrue forward effort on lead bed mother. Ground specific light. Large hospital success range argue.",
        "fecha_de_comentario": "2024-10-12T16:27:56.219",
        "autor": 6,
        "tarea": 15
    }
},
{
    "model": "Gestor.comentario",
    "pk": 19,
    "fields": {
        "contenido": "Quite prepare better according role part anyone. Window prevent present bank. Really rest officer rest.\nMove image deep new front range year. Heart so prove. Purpose any bank available.",
        "fecha_de_comentario": "2024-10-12T16:27:56.219",
        "autor": 12,
        "tarea": 3
    }
},
{
    "model": "Gestor.comentario",
    "pk": 20,
    "fields": {
        "contenido": "Simply decision west myself town dark tree. Again land consumer return year ground.",
        "fecha_de_comentario": "2024-10-12T16:27:56.219",
        "autor": 10,
        "tarea": 22
    }
},
{
    "model": "Gestor.comentario",
    "pk": 21,
    "fields": {
        "contenido": "Only laugh yourself war.\nWhy marriage pay and cut both hold. Father yeah herself walk. Itself human low prevent. Candidate throw doctor fight guy.",
        "fecha_de_comentario": "2024-10-12T16:27:56.219",
        "autor": 14,
        "tarea": 20
    }
},
{
    "model": "Gestor.comentario",
    "pk": 22,
    "fields": {
        "contenido": "Surface yes could Congress across term world. Address heart prepare billion ok at surface. Score strong ten military place stand actually.",
        "fecha_de_comentario": "2024-10-12T16:27:56.219",
        "autor": 29,
        "tarea": 13
    }
},
{
    "model": "Gestor.comentario",
    "pk": 23,
    "fields": {
        "contenido": "Least always sort stuff management word industry. Free movement plan tax scene. Nation way recognize dinner during base rather six.",
        "fecha_de_comentario": "2024-10-12T16:27:56.219",
        "autor": 27,
        "tarea": 4
    }
},
{
    "model": "Gestor.comentario",
    "pk": 24,
    "fields": {
        "contenido": "Modern test network play anything any.\nAcross election sometimes race billion claim study to. Agency travel series. Knowledge realize Mrs state least.",
        "fecha_de_comentario": "2024-10-12T16:27:56.219",
        "autor": 10,
        "tarea": 18
    }
},
{
    "model": "Gestor.comentario",
    "pk": 25,
    "fields": {
        "contenido": "Piece present throughout American history trial.\nIndicate partner thought manage fight but success provide. Window sell born assume.",
        "fecha_de_comentario": "2024-10-12T16:27:56.219",
        "autor": 27,
        "tarea": 2
    }
},
{
    "model": "Gestor.comentario",
    "pk": 26,
    "fields": {
        "contenido": "Cup rate interview medical especially usually. Fall area answer interesting suffer risk now. Deep hard gas employee born few particularly. Imagine car company design president management.",
        "fecha_de_comentario": "2024-10-12T16:27:56.219",
        "autor": 30,
        "tarea": 11
    }
},
{
    "model": "Gestor.comentario",
    "pk": 27,
    "fields": {
        "contenido": "Company particular stock home sometimes surface political. Word coach fact. Focus see everyone able interest gas seek.",
        "fecha_de_comentario": "2024-10-12T16:27:56.219",
        "autor": 5,
        "tarea": 27
    }
},
{
    "model": "Gestor.comentario",
    "pk": 28,
    "fields": {
        "contenido": "Behind drug special ago. Sister market guess day.\nAccording send true house line wish could them. Radio most star commercial. Admit long different information talk.",
        "fecha_de_comentario": "2024-10-12T16:27:56.219",
        "autor": 2,
        "tarea": 6
    }
},
{
    "model": "Gestor.comentario",
    "pk": 29,
    "fields": {
        "contenido": "Tend country ground tonight wrong accept. Cup sport political whole.\nProcess start market first from wall. Glass data test foot.",
        "fecha_de_comentario": "2024-10-12T16:27:56.219",
        "autor": 23,
        "tarea": 24
    }
},
{
    "model": "Gestor.comentario",
    "pk": 30,
    "fields": {
        "contenido": "Watch majority finally inside owner number none. Operation good great thousand girl collection. Start goal eye economic help anything weight.",
        "fecha_de_comentario": "2024-10-12T16:27:56.219",
        "autor": 8,
        "tarea": 30
    }
}
]
